,lower_latitude,upper_latitude,mean_latitude,lower_longitude,upper_longitude,mean_longitude,box,crime_score
0,40.498,40.507,40.5025,-74.233,-74.222,-74.22749999999999,"40.498,40.507,-74.233,-74.222",35.2
1,40.498,40.507,40.5025,-74.244,-74.233,-74.2385,"40.498,40.507,-74.244,-74.233",271.9999999999999
2,40.498,40.507,40.5025,-74.256,-74.244,-74.25,"40.498,40.507,-74.256,-74.244",150.69999999999996
3,40.507,40.515,40.510999999999996,-74.2,-74.189,-74.1945,"40.507,40.515,-74.2,-74.189",27.700000000000006
4,40.507,40.515,40.510999999999996,-74.211,-74.2,-74.2055,"40.507,40.515,-74.211,-74.2",51.2
5,40.507,40.515,40.510999999999996,-74.222,-74.211,-74.2165,"40.507,40.515,-74.222,-74.211",16.3
6,40.507,40.515,40.510999999999996,-74.233,-74.222,-74.22749999999999,"40.507,40.515,-74.233,-74.222",148.49999999999997
7,40.507,40.515,40.510999999999996,-74.244,-74.233,-74.2385,"40.507,40.515,-74.244,-74.233",319.7
8,40.507,40.515,40.510999999999996,-74.256,-74.244,-74.25,"40.507,40.515,-74.256,-74.244",602.6000000000013
9,40.515,40.524,40.5195,-74.177,-74.166,-74.17150000000001,"40.515,40.524,-74.177,-74.166",1.1
10,40.515,40.524,40.5195,-74.189,-74.177,-74.18299999999999,"40.515,40.524,-74.189,-74.177",25.1
11,40.515,40.524,40.5195,-74.2,-74.189,-74.1945,"40.515,40.524,-74.2,-74.189",151.19999999999996
12,40.515,40.524,40.5195,-74.211,-74.2,-74.2055,"40.515,40.524,-74.211,-74.2",172.29999999999995
13,40.515,40.524,40.5195,-74.222,-74.211,-74.2165,"40.515,40.524,-74.222,-74.211",242.89999999999992
14,40.515,40.524,40.5195,-74.233,-74.222,-74.22749999999999,"40.515,40.524,-74.233,-74.222",101.30000000000001
15,40.515,40.524,40.5195,-74.244,-74.233,-74.2385,"40.515,40.524,-74.244,-74.233",314.3
16,40.515,40.524,40.5195,-74.256,-74.244,-74.25,"40.515,40.524,-74.256,-74.244",9.1
17,40.524,40.532,40.528,-74.166,-74.155,-74.1605,"40.524,40.532,-74.166,-74.155",164.99999999999994
18,40.524,40.532,40.528,-74.177,-74.166,-74.17150000000001,"40.524,40.532,-74.177,-74.166",92.29999999999997
19,40.524,40.532,40.528,-74.189,-74.177,-74.18299999999999,"40.524,40.532,-74.189,-74.177",92.29999999999998
20,40.524,40.532,40.528,-74.2,-74.189,-74.1945,"40.524,40.532,-74.2,-74.189",193.5999999999999
21,40.524,40.532,40.528,-74.211,-74.2,-74.2055,"40.524,40.532,-74.211,-74.2",360.7
22,40.524,40.532,40.528,-74.222,-74.211,-74.2165,"40.524,40.532,-74.222,-74.211",233.2999999999999
23,40.524,40.532,40.528,-74.233,-74.222,-74.22749999999999,"40.524,40.532,-74.233,-74.222",58.300000000000004
24,40.524,40.532,40.528,-74.244,-74.233,-74.2385,"40.524,40.532,-74.244,-74.233",72.5
25,40.532,40.54,40.536,-74.144,-74.133,-74.1385,"40.532,40.54,-74.144,-74.133",13.1
26,40.532,40.54,40.536,-74.155,-74.144,-74.1495,"40.532,40.54,-74.155,-74.144",410.1000000000003
27,40.532,40.54,40.536,-74.166,-74.155,-74.1605,"40.532,40.54,-74.166,-74.155",235.59999999999988
28,40.532,40.54,40.536,-74.177,-74.166,-74.17150000000001,"40.532,40.54,-74.177,-74.166",177.59999999999994
29,40.532,40.54,40.536,-74.189,-74.177,-74.18299999999999,"40.532,40.54,-74.189,-74.177",149.49999999999994
30,40.532,40.54,40.536,-74.2,-74.189,-74.1945,"40.532,40.54,-74.2,-74.189",269.3
31,40.532,40.54,40.536,-74.211,-74.2,-74.2055,"40.532,40.54,-74.211,-74.2",299.80000000000007
32,40.532,40.54,40.536,-74.222,-74.211,-74.2165,"40.532,40.54,-74.222,-74.211",281.8999999999999
33,40.532,40.54,40.536,-74.233,-74.222,-74.22749999999999,"40.532,40.54,-74.233,-74.222",118.19999999999999
34,40.532,40.54,40.536,-74.244,-74.233,-74.2385,"40.532,40.54,-74.244,-74.233",234.09999999999994
35,40.54,40.548,40.544,-74.144,-74.133,-74.1385,"40.54,40.548,-74.144,-74.133",196.39999999999995
36,40.54,40.548,40.544,-74.155,-74.144,-74.1495,"40.54,40.548,-74.155,-74.144",526.9000000000007
37,40.54,40.548,40.544,-74.166,-74.155,-74.1605,"40.54,40.548,-74.166,-74.155",564.0000000000008
38,40.54,40.548,40.544,-74.177,-74.166,-74.17150000000001,"40.54,40.548,-74.177,-74.166",395.60000000000025
39,40.54,40.548,40.544,-74.189,-74.177,-74.18299999999999,"40.54,40.548,-74.189,-74.177",284.1
40,40.54,40.548,40.544,-74.2,-74.189,-74.1945,"40.54,40.548,-74.2,-74.189",302.20000000000005
41,40.54,40.548,40.544,-74.211,-74.2,-74.2055,"40.54,40.548,-74.211,-74.2",298.0000000000001
42,40.54,40.548,40.544,-74.222,-74.211,-74.2165,"40.54,40.548,-74.222,-74.211",679.4000000000004
43,40.54,40.548,40.544,-74.233,-74.222,-74.22749999999999,"40.54,40.548,-74.233,-74.222",64.5
44,40.54,40.548,40.544,-74.244,-74.233,-74.2385,"40.54,40.548,-74.244,-74.233",24.3
45,40.548,40.557,40.5525,-73.933,-73.922,-73.92750000000001,"40.548,40.557,-73.933,-73.922",49.0
46,40.548,40.557,40.5525,-74.122,-74.111,-74.1165,"40.548,40.557,-74.122,-74.111",29.400000000000006
47,40.548,40.557,40.5525,-74.133,-74.122,-74.1275,"40.548,40.557,-74.133,-74.122",48.20000000000001
48,40.548,40.557,40.5525,-74.144,-74.133,-74.1385,"40.548,40.557,-74.144,-74.133",492.80000000000075
49,40.548,40.557,40.5525,-74.155,-74.144,-74.1495,"40.548,40.557,-74.155,-74.144",532.9000000000004
50,40.548,40.557,40.5525,-74.166,-74.155,-74.1605,"40.548,40.557,-74.166,-74.155",440.40000000000043
51,40.548,40.557,40.5525,-74.177,-74.166,-74.17150000000001,"40.548,40.557,-74.177,-74.166",375.4
52,40.548,40.557,40.5525,-74.189,-74.177,-74.18299999999999,"40.548,40.557,-74.189,-74.177",361.2000000000001
53,40.548,40.557,40.5525,-74.2,-74.189,-74.1945,"40.548,40.557,-74.2,-74.189",486.10000000000014
54,40.548,40.557,40.5525,-74.211,-74.2,-74.2055,"40.548,40.557,-74.211,-74.2",148.79999999999995
55,40.548,40.557,40.5525,-74.222,-74.211,-74.2165,"40.548,40.557,-74.222,-74.211",418.70000000000016
56,40.548,40.557,40.5525,-74.233,-74.222,-74.22749999999999,"40.548,40.557,-74.233,-74.222",78.4
57,40.557,40.565,40.561,-73.9,-73.889,-73.8945,"40.557,40.565,-73.9,-73.889",12.1
58,40.557,40.565,40.561,-73.911,-73.9,-73.9055,"40.557,40.565,-73.911,-73.9",72.2
59,40.557,40.565,40.561,-73.922,-73.911,-73.9165,"40.557,40.565,-73.922,-73.911",301.9
60,40.557,40.565,40.561,-73.933,-73.922,-73.92750000000001,"40.557,40.565,-73.933,-73.922",28.3
61,40.557,40.565,40.561,-74.1,-74.089,-74.0945,"40.557,40.565,-74.1,-74.089",31.5
62,40.557,40.565,40.561,-74.111,-74.1,-74.1055,"40.557,40.565,-74.111,-74.1",471.70000000000067
63,40.557,40.565,40.561,-74.122,-74.111,-74.1165,"40.557,40.565,-74.122,-74.111",463.8000000000007
64,40.557,40.565,40.561,-74.133,-74.122,-74.1275,"40.557,40.565,-74.133,-74.122",447.90000000000043
65,40.557,40.565,40.561,-74.144,-74.133,-74.1385,"40.557,40.565,-74.144,-74.133",302.9000000000003
66,40.557,40.565,40.561,-74.155,-74.144,-74.1495,"40.557,40.565,-74.155,-74.144",355.5000000000001
67,40.557,40.565,40.561,-74.166,-74.155,-74.1605,"40.557,40.565,-74.166,-74.155",418.2000000000003
68,40.557,40.565,40.561,-74.177,-74.166,-74.17150000000001,"40.557,40.565,-74.177,-74.166",344.6
69,40.557,40.565,40.561,-74.189,-74.177,-74.18299999999999,"40.557,40.565,-74.189,-74.177",371.0000000000001
70,40.557,40.565,40.561,-74.2,-74.189,-74.1945,"40.557,40.565,-74.2,-74.189",128.2
71,40.557,40.565,40.561,-74.211,-74.2,-74.2055,"40.557,40.565,-74.211,-74.2",36.1
72,40.557,40.565,40.561,-74.222,-74.211,-74.2165,"40.557,40.565,-74.222,-74.211",10.1
73,40.565,40.573,40.569,-73.856,-73.845,-73.8505,"40.565,40.573,-73.856,-73.845",38.2
74,40.565,40.573,40.569,-73.867,-73.856,-73.8615,"40.565,40.573,-73.867,-73.856",163.09999999999997
75,40.565,40.573,40.569,-73.889,-73.878,-73.8835,"40.565,40.573,-73.889,-73.878",17.0
76,40.565,40.573,40.569,-73.9,-73.889,-73.8945,"40.565,40.573,-73.9,-73.889",28.200000000000003
77,40.565,40.573,40.569,-73.989,-73.978,-73.98349999999999,"40.565,40.573,-73.989,-73.978",21.0
78,40.565,40.573,40.569,-74.0,-73.989,-73.9945,"40.565,40.573,-74.0,-73.989",863.0000000000013
79,40.565,40.573,40.569,-74.011,-74.0,-74.0055,"40.565,40.573,-74.011,-74.0",82.19999999999999
80,40.565,40.573,40.569,-74.089,-74.078,-74.0835,"40.565,40.573,-74.089,-74.078",2.0
81,40.565,40.573,40.569,-74.1,-74.089,-74.0945,"40.565,40.573,-74.1,-74.089",336.60000000000014
82,40.565,40.573,40.569,-74.111,-74.1,-74.1055,"40.565,40.573,-74.111,-74.1",792.7000000000012
83,40.565,40.573,40.569,-74.122,-74.111,-74.1165,"40.565,40.573,-74.122,-74.111",957.8000000000014
84,40.565,40.573,40.569,-74.133,-74.122,-74.1275,"40.565,40.573,-74.133,-74.122",443.00000000000034
85,40.565,40.573,40.569,-74.144,-74.133,-74.1385,"40.565,40.573,-74.144,-74.133",255.4999999999999
86,40.565,40.573,40.569,-74.155,-74.144,-74.1495,"40.565,40.573,-74.155,-74.144",75.4
87,40.565,40.573,40.569,-74.177,-74.166,-74.17150000000001,"40.565,40.573,-74.177,-74.166",87.69999999999999
88,40.565,40.573,40.569,-74.189,-74.177,-74.18299999999999,"40.565,40.573,-74.189,-74.177",42.4
89,40.573,40.582,40.5775,-73.834,-73.823,-73.82849999999999,"40.573,40.582,-73.834,-73.823",521.9000000000005
90,40.573,40.582,40.5775,-73.845,-73.834,-73.8395,"40.573,40.582,-73.845,-73.834",1350.299999999998
91,40.573,40.582,40.5775,-73.856,-73.845,-73.8505,"40.573,40.582,-73.856,-73.845",396.4000000000002
92,40.573,40.582,40.5775,-73.867,-73.856,-73.8615,"40.573,40.582,-73.867,-73.856",161.69999999999996
93,40.573,40.582,40.5775,-73.889,-73.878,-73.8835,"40.573,40.582,-73.889,-73.878",6.0
94,40.573,40.582,40.5775,-73.945,-73.933,-73.939,"40.573,40.582,-73.945,-73.933",358.2
95,40.573,40.582,40.5775,-73.956,-73.945,-73.9505,"40.573,40.582,-73.956,-73.945",834.3000000000008
96,40.573,40.582,40.5775,-73.967,-73.956,-73.9615,"40.573,40.582,-73.967,-73.956",3791.3999999999855
97,40.573,40.582,40.5775,-73.978,-73.967,-73.9725,"40.573,40.582,-73.978,-73.967",4128.899999999984
98,40.573,40.582,40.5775,-73.989,-73.978,-73.98349999999999,"40.573,40.582,-73.989,-73.978",4489.299999999994
99,40.573,40.582,40.5775,-74.0,-73.989,-73.9945,"40.573,40.582,-74.0,-73.989",5302.400000000007
100,40.573,40.582,40.5775,-74.011,-74.0,-74.0055,"40.573,40.582,-74.011,-74.0",2069.999999999993
101,40.573,40.582,40.5775,-74.022,-74.011,-74.01650000000001,"40.573,40.582,-74.022,-74.011",35.6
102,40.573,40.582,40.5775,-74.078,-74.067,-74.07249999999999,"40.573,40.582,-74.078,-74.067",9.0
103,40.573,40.582,40.5775,-74.089,-74.078,-74.0835,"40.573,40.582,-74.089,-74.078",262.09999999999985
104,40.573,40.582,40.5775,-74.1,-74.089,-74.0945,"40.573,40.582,-74.1,-74.089",649.1000000000009
105,40.573,40.582,40.5775,-74.111,-74.1,-74.1055,"40.573,40.582,-74.111,-74.1",785.8000000000014
106,40.573,40.582,40.5775,-74.122,-74.111,-74.1165,"40.573,40.582,-74.122,-74.111",484.40000000000026
107,40.573,40.582,40.5775,-74.133,-74.122,-74.1275,"40.573,40.582,-74.133,-74.122",310.70000000000005
108,40.573,40.582,40.5775,-74.144,-74.133,-74.1385,"40.573,40.582,-74.144,-74.133",29.700000000000006
109,40.573,40.582,40.5775,-74.155,-74.144,-74.1495,"40.573,40.582,-74.155,-74.144",49.300000000000004
110,40.573,40.582,40.5775,-74.166,-74.155,-74.1605,"40.573,40.582,-74.166,-74.155",309.2999999999999
111,40.573,40.582,40.5775,-74.177,-74.166,-74.17150000000001,"40.573,40.582,-74.177,-74.166",913.4000000000004
112,40.573,40.582,40.5775,-74.2,-74.189,-74.1945,"40.573,40.582,-74.2,-74.189",18.0
113,40.582,40.59,40.586,-73.789,-73.778,-73.7835,"40.582,40.59,-73.789,-73.778",748.9000000000007
114,40.582,40.59,40.586,-73.8,-73.789,-73.7945,"40.582,40.59,-73.8,-73.789",224.79999999999998
115,40.582,40.59,40.586,-73.811,-73.8,-73.8055,"40.582,40.59,-73.811,-73.8",1419.7999999999986
116,40.582,40.59,40.586,-73.823,-73.811,-73.81700000000001,"40.582,40.59,-73.823,-73.811",2981.799999999988
117,40.582,40.59,40.586,-73.834,-73.823,-73.82849999999999,"40.582,40.59,-73.834,-73.823",495.1000000000001
118,40.582,40.59,40.586,-73.845,-73.834,-73.8395,"40.582,40.59,-73.845,-73.834",134.49999999999997
119,40.582,40.59,40.586,-73.856,-73.845,-73.8505,"40.582,40.59,-73.856,-73.845",2.0
120,40.582,40.59,40.586,-73.9,-73.889,-73.8945,"40.582,40.59,-73.9,-73.889",51.2
121,40.582,40.59,40.586,-73.922,-73.911,-73.9165,"40.582,40.59,-73.922,-73.911",196.79999999999998
122,40.582,40.59,40.586,-73.933,-73.922,-73.92750000000001,"40.582,40.59,-73.933,-73.922",912.2000000000007
123,40.582,40.59,40.586,-73.945,-73.933,-73.939,"40.582,40.59,-73.945,-73.933",1288.4
124,40.582,40.59,40.586,-73.956,-73.945,-73.9505,"40.582,40.59,-73.956,-73.945",2190.699999999996
125,40.582,40.59,40.586,-73.967,-73.956,-73.9615,"40.582,40.59,-73.967,-73.956",2647.099999999992
126,40.582,40.59,40.586,-73.978,-73.967,-73.9725,"40.582,40.59,-73.978,-73.967",1502.999999999998
127,40.582,40.59,40.586,-73.989,-73.978,-73.98349999999999,"40.582,40.59,-73.989,-73.978",1614.5999999999976
128,40.582,40.59,40.586,-74.0,-73.989,-73.9945,"40.582,40.59,-74.0,-73.989",495.80000000000007
129,40.582,40.59,40.586,-74.078,-74.067,-74.07249999999999,"40.582,40.59,-74.078,-74.067",91.69999999999999
130,40.582,40.59,40.586,-74.089,-74.078,-74.0835,"40.582,40.59,-74.089,-74.078",307.3
131,40.582,40.59,40.586,-74.1,-74.089,-74.0945,"40.582,40.59,-74.1,-74.089",639.0000000000009
132,40.582,40.59,40.586,-74.111,-74.1,-74.1055,"40.582,40.59,-74.111,-74.1",710.7000000000012
133,40.582,40.59,40.586,-74.122,-74.111,-74.1165,"40.582,40.59,-74.122,-74.111",7.0
134,40.582,40.59,40.586,-74.133,-74.122,-74.1275,"40.582,40.59,-74.133,-74.122",8.0
135,40.582,40.59,40.586,-74.144,-74.133,-74.1385,"40.582,40.59,-74.144,-74.133",5.0
136,40.582,40.59,40.586,-74.155,-74.144,-74.1495,"40.582,40.59,-74.155,-74.144",400.9000000000002
137,40.582,40.59,40.586,-74.166,-74.155,-74.1605,"40.582,40.59,-74.166,-74.155",1346.9000000000003
138,40.582,40.59,40.586,-74.177,-74.166,-74.17150000000001,"40.582,40.59,-74.177,-74.166",1206.6000000000004
139,40.582,40.59,40.586,-74.189,-74.177,-74.18299999999999,"40.582,40.59,-74.189,-74.177",17.200000000000003
140,40.582,40.59,40.586,-74.2,-74.189,-74.1945,"40.582,40.59,-74.2,-74.189",310.2
141,40.582,40.59,40.586,-74.211,-74.2,-74.2055,"40.582,40.59,-74.211,-74.2",1.0
142,40.59,40.598,40.594,-73.745,-73.734,-73.73949999999999,"40.59,40.598,-73.745,-73.734",578.4000000000007
143,40.59,40.598,40.594,-73.756,-73.745,-73.7505,"40.59,40.598,-73.756,-73.745",1335.8999999999985
144,40.59,40.598,40.594,-73.767,-73.756,-73.7615,"40.59,40.598,-73.767,-73.756",2477.2999999999915
145,40.59,40.598,40.594,-73.778,-73.767,-73.77250000000001,"40.59,40.598,-73.778,-73.767",1711.999999999997
146,40.59,40.598,40.594,-73.789,-73.778,-73.7835,"40.59,40.598,-73.789,-73.778",2749.099999999989
147,40.59,40.598,40.594,-73.8,-73.789,-73.7945,"40.59,40.598,-73.8,-73.789",2473.0999999999926
148,40.59,40.598,40.594,-73.811,-73.8,-73.8055,"40.59,40.598,-73.811,-73.8",841.2000000000006
149,40.59,40.598,40.594,-73.823,-73.811,-73.81700000000001,"40.59,40.598,-73.823,-73.811",30.3
150,40.59,40.598,40.594,-73.911,-73.9,-73.9055,"40.59,40.598,-73.911,-73.9",106.1
151,40.59,40.598,40.594,-73.922,-73.911,-73.9165,"40.59,40.598,-73.922,-73.911",0.1
152,40.59,40.598,40.594,-73.933,-73.922,-73.92750000000001,"40.59,40.598,-73.933,-73.922",567.7000000000005
153,40.59,40.598,40.594,-73.945,-73.933,-73.939,"40.59,40.598,-73.945,-73.933",3704.8999999999837
154,40.59,40.598,40.594,-73.956,-73.945,-73.9505,"40.59,40.598,-73.956,-73.945",2169.8999999999974
155,40.59,40.598,40.594,-73.967,-73.956,-73.9615,"40.59,40.598,-73.967,-73.956",2358.0999999999954
156,40.59,40.598,40.594,-73.978,-73.967,-73.9725,"40.59,40.598,-73.978,-73.967",2200.699999999996
157,40.59,40.598,40.594,-73.989,-73.978,-73.98349999999999,"40.59,40.598,-73.989,-73.978",3227.29999999999
158,40.59,40.598,40.594,-74.0,-73.989,-73.9945,"40.59,40.598,-74.0,-73.989",1665.2999999999965
159,40.59,40.598,40.594,-74.011,-74.0,-74.0055,"40.59,40.598,-74.011,-74.0",757.9000000000004
160,40.59,40.598,40.594,-74.067,-74.055,-74.061,"40.59,40.598,-74.067,-74.055",369.8999999999999
161,40.59,40.598,40.594,-74.078,-74.067,-74.07249999999999,"40.59,40.598,-74.078,-74.067",884.8000000000019
162,40.59,40.598,40.594,-74.089,-74.078,-74.0835,"40.59,40.598,-74.089,-74.078",1081.9000000000015
163,40.59,40.598,40.594,-74.1,-74.089,-74.0945,"40.59,40.598,-74.1,-74.089",491.8000000000005
164,40.59,40.598,40.594,-74.111,-74.1,-74.1055,"40.59,40.598,-74.111,-74.1",185.39999999999995
165,40.59,40.598,40.594,-74.122,-74.111,-74.1165,"40.59,40.598,-74.122,-74.111",15.0
166,40.59,40.598,40.594,-74.133,-74.122,-74.1275,"40.59,40.598,-74.133,-74.122",120.79999999999991
167,40.59,40.598,40.594,-74.144,-74.133,-74.1385,"40.59,40.598,-74.144,-74.133",121.09999999999997
168,40.59,40.598,40.594,-74.155,-74.144,-74.1495,"40.59,40.598,-74.155,-74.144",114.79999999999998
169,40.59,40.598,40.594,-74.166,-74.155,-74.1605,"40.59,40.598,-74.166,-74.155",542.1000000000004
170,40.59,40.598,40.594,-74.177,-74.166,-74.17150000000001,"40.59,40.598,-74.177,-74.166",58.50000000000001
171,40.59,40.598,40.594,-74.189,-74.177,-74.18299999999999,"40.59,40.598,-74.189,-74.177",151.6999999999999
172,40.59,40.598,40.594,-74.2,-74.189,-74.1945,"40.59,40.598,-74.2,-74.189",112.59999999999998
173,40.598,40.606,40.602000000000004,-73.745,-73.734,-73.73949999999999,"40.598,40.606,-73.745,-73.734",349.9
174,40.598,40.606,40.602000000000004,-73.756,-73.745,-73.7505,"40.598,40.606,-73.756,-73.745",4584.699999999993
175,40.598,40.606,40.602000000000004,-73.767,-73.756,-73.7615,"40.598,40.606,-73.767,-73.756",3038.6999999999857
176,40.598,40.606,40.602000000000004,-73.778,-73.767,-73.77250000000001,"40.598,40.606,-73.778,-73.767",195.2999999999999
177,40.598,40.606,40.602000000000004,-73.8,-73.789,-73.7945,"40.598,40.606,-73.8,-73.789",108.4
178,40.598,40.606,40.602000000000004,-73.811,-73.8,-73.8055,"40.598,40.606,-73.811,-73.8",1.0
179,40.598,40.606,40.602000000000004,-73.823,-73.811,-73.81700000000001,"40.598,40.606,-73.823,-73.811",195.79999999999995
180,40.598,40.606,40.602000000000004,-73.911,-73.9,-73.9055,"40.598,40.606,-73.911,-73.9",25.0
181,40.598,40.606,40.602000000000004,-73.922,-73.911,-73.9165,"40.598,40.606,-73.922,-73.911",172.70000000000002
182,40.598,40.606,40.602000000000004,-73.933,-73.922,-73.92750000000001,"40.598,40.606,-73.933,-73.922",245.09999999999997
183,40.598,40.606,40.602000000000004,-73.945,-73.933,-73.939,"40.598,40.606,-73.945,-73.933",1902.3999999999974
184,40.598,40.606,40.602000000000004,-73.956,-73.945,-73.9505,"40.598,40.606,-73.956,-73.945",2159.299999999996
185,40.598,40.606,40.602000000000004,-73.967,-73.956,-73.9615,"40.598,40.606,-73.967,-73.956",1954.6999999999966
186,40.598,40.606,40.602000000000004,-73.978,-73.967,-73.9725,"40.598,40.606,-73.978,-73.967",1987.399999999997
187,40.598,40.606,40.602000000000004,-73.989,-73.978,-73.98349999999999,"40.598,40.606,-73.989,-73.978",2077.2999999999925
188,40.598,40.606,40.602000000000004,-74.0,-73.989,-73.9945,"40.598,40.606,-74.0,-73.989",3740.0999999999826
189,40.598,40.606,40.602000000000004,-74.011,-74.0,-74.0055,"40.598,40.606,-74.011,-74.0",2280.2999999999915
190,40.598,40.606,40.602000000000004,-74.022,-74.011,-74.01650000000001,"40.598,40.606,-74.022,-74.011",403.20000000000005
191,40.598,40.606,40.602000000000004,-74.067,-74.055,-74.061,"40.598,40.606,-74.067,-74.055",390.79999999999995
192,40.598,40.606,40.602000000000004,-74.078,-74.067,-74.07249999999999,"40.598,40.606,-74.078,-74.067",422.3000000000002
193,40.598,40.606,40.602000000000004,-74.089,-74.078,-74.0835,"40.598,40.606,-74.089,-74.078",605.2000000000004
194,40.598,40.606,40.602000000000004,-74.1,-74.089,-74.0945,"40.598,40.606,-74.1,-74.089",339.4000000000001
195,40.598,40.606,40.602000000000004,-74.111,-74.1,-74.1055,"40.598,40.606,-74.111,-74.1",102.39999999999999
196,40.598,40.606,40.602000000000004,-74.122,-74.111,-74.1165,"40.598,40.606,-74.122,-74.111",263.6999999999999
197,40.598,40.606,40.602000000000004,-74.133,-74.122,-74.1275,"40.598,40.606,-74.133,-74.122",558.8000000000009
198,40.598,40.606,40.602000000000004,-74.144,-74.133,-74.1385,"40.598,40.606,-74.144,-74.133",303.79999999999995
199,40.598,40.606,40.602000000000004,-74.155,-74.144,-74.1495,"40.598,40.606,-74.155,-74.144",11.1
200,40.598,40.606,40.602000000000004,-74.166,-74.155,-74.1605,"40.598,40.606,-74.166,-74.155",230.8999999999998
201,40.598,40.606,40.602000000000004,-74.177,-74.166,-74.17150000000001,"40.598,40.606,-74.177,-74.166",213.49999999999994
202,40.598,40.606,40.602000000000004,-74.189,-74.177,-74.18299999999999,"40.598,40.606,-74.189,-74.177",81.5
203,40.598,40.606,40.602000000000004,-74.2,-74.189,-74.1945,"40.598,40.606,-74.2,-74.189",184.2
204,40.606,40.615,40.6105,-73.745,-73.734,-73.73949999999999,"40.606,40.615,-73.745,-73.734",28.1
205,40.606,40.615,40.6105,-73.756,-73.745,-73.7505,"40.606,40.615,-73.756,-73.745",2165.7999999999915
206,40.606,40.615,40.6105,-73.767,-73.756,-73.7615,"40.606,40.615,-73.767,-73.756",1159.300000000001
207,40.606,40.615,40.6105,-73.778,-73.767,-73.77250000000001,"40.606,40.615,-73.778,-73.767",159.29999999999998
208,40.606,40.615,40.6105,-73.823,-73.811,-73.81700000000001,"40.606,40.615,-73.823,-73.811",176.99999999999994
209,40.606,40.615,40.6105,-73.9,-73.889,-73.8945,"40.606,40.615,-73.9,-73.889",7.2
210,40.606,40.615,40.6105,-73.911,-73.9,-73.9055,"40.606,40.615,-73.911,-73.9",305.7
211,40.606,40.615,40.6105,-73.922,-73.911,-73.9165,"40.606,40.615,-73.922,-73.911",2786.0999999999963
212,40.606,40.615,40.6105,-73.933,-73.922,-73.92750000000001,"40.606,40.615,-73.933,-73.922",1498.4999999999993
213,40.606,40.615,40.6105,-73.945,-73.933,-73.939,"40.606,40.615,-73.945,-73.933",797.1000000000005
214,40.606,40.615,40.6105,-73.956,-73.945,-73.9505,"40.606,40.615,-73.956,-73.945",1882.9999999999964
215,40.606,40.615,40.6105,-73.967,-73.956,-73.9615,"40.606,40.615,-73.967,-73.956",3178.099999999993
216,40.606,40.615,40.6105,-73.978,-73.967,-73.9725,"40.606,40.615,-73.978,-73.967",2128.4999999999955
217,40.606,40.615,40.6105,-73.989,-73.978,-73.98349999999999,"40.606,40.615,-73.989,-73.978",3124.3999999999855
218,40.606,40.615,40.6105,-74.0,-73.989,-73.9945,"40.606,40.615,-74.0,-73.989",2215.2999999999925
219,40.606,40.615,40.6105,-74.011,-74.0,-74.0055,"40.606,40.615,-74.011,-74.0",2246.2999999999915
220,40.606,40.615,40.6105,-74.022,-74.011,-74.01650000000001,"40.606,40.615,-74.022,-74.011",531.3000000000004
221,40.606,40.615,40.6105,-74.033,-74.022,-74.0275,"40.606,40.615,-74.033,-74.022",301.0999999999999
222,40.606,40.615,40.6105,-74.044,-74.033,-74.0385,"40.606,40.615,-74.044,-74.033",436.60000000000014
223,40.606,40.615,40.6105,-74.067,-74.055,-74.061,"40.606,40.615,-74.067,-74.055",374.70000000000016
224,40.606,40.615,40.6105,-74.078,-74.067,-74.07249999999999,"40.606,40.615,-74.078,-74.067",747.2000000000007
225,40.606,40.615,40.6105,-74.089,-74.078,-74.0835,"40.606,40.615,-74.089,-74.078",1583.499999999995
226,40.606,40.615,40.6105,-74.1,-74.089,-74.0945,"40.606,40.615,-74.1,-74.089",379.2000000000003
227,40.606,40.615,40.6105,-74.111,-74.1,-74.1055,"40.606,40.615,-74.111,-74.1",285.2999999999999
228,40.606,40.615,40.6105,-74.122,-74.111,-74.1165,"40.606,40.615,-74.122,-74.111",823.9000000000013
229,40.606,40.615,40.6105,-74.133,-74.122,-74.1275,"40.606,40.615,-74.133,-74.122",597.0000000000009
230,40.606,40.615,40.6105,-74.144,-74.133,-74.1385,"40.606,40.615,-74.144,-74.133",303.3000000000001
231,40.606,40.615,40.6105,-74.155,-74.144,-74.1495,"40.606,40.615,-74.155,-74.144",502.60000000000036
232,40.606,40.615,40.6105,-74.166,-74.155,-74.1605,"40.606,40.615,-74.166,-74.155",768.6000000000015
233,40.606,40.615,40.6105,-74.177,-74.166,-74.17150000000001,"40.606,40.615,-74.177,-74.166",378.5
234,40.606,40.615,40.6105,-74.189,-74.177,-74.18299999999999,"40.606,40.615,-74.189,-74.177",42.1
235,40.606,40.615,40.6105,-74.2,-74.189,-74.1945,"40.606,40.615,-74.2,-74.189",11.1
236,40.615,40.623,40.619,-73.823,-73.811,-73.81700000000001,"40.615,40.623,-73.823,-73.811",7.0
237,40.615,40.623,40.619,-73.9,-73.889,-73.8945,"40.615,40.623,-73.9,-73.889",27.0
238,40.615,40.623,40.619,-73.911,-73.9,-73.9055,"40.615,40.623,-73.911,-73.9",645.7000000000004
239,40.615,40.623,40.619,-73.922,-73.911,-73.9165,"40.615,40.623,-73.922,-73.911",1711.6999999999975
240,40.615,40.623,40.619,-73.933,-73.922,-73.92750000000001,"40.615,40.623,-73.933,-73.922",1861.1999999999966
241,40.615,40.623,40.619,-73.945,-73.933,-73.939,"40.615,40.623,-73.945,-73.933",1553.599999999998
242,40.615,40.623,40.619,-73.956,-73.945,-73.9505,"40.615,40.623,-73.956,-73.945",1511.9999999999989
243,40.615,40.623,40.619,-73.967,-73.956,-73.9615,"40.615,40.623,-73.967,-73.956",2140.199999999995
244,40.615,40.623,40.619,-73.978,-73.967,-73.9725,"40.615,40.623,-73.978,-73.967",1090.4000000000005
245,40.615,40.623,40.619,-73.989,-73.978,-73.98349999999999,"40.615,40.623,-73.989,-73.978",1618.4999999999973
246,40.615,40.623,40.619,-74.0,-73.989,-73.9945,"40.615,40.623,-74.0,-73.989",2559.099999999991
247,40.615,40.623,40.619,-74.011,-74.0,-74.0055,"40.615,40.623,-74.011,-74.0",1660.8999999999983
248,40.615,40.623,40.619,-74.022,-74.011,-74.01650000000001,"40.615,40.623,-74.022,-74.011",1016.5000000000009
249,40.615,40.623,40.619,-74.033,-74.022,-74.0275,"40.615,40.623,-74.033,-74.022",3978.1999999999803
250,40.615,40.623,40.619,-74.044,-74.033,-74.0385,"40.615,40.623,-74.044,-74.033",1034.2000000000012
251,40.615,40.623,40.619,-74.067,-74.055,-74.061,"40.615,40.623,-74.067,-74.055",88.1
252,40.615,40.623,40.619,-74.078,-74.067,-74.07249999999999,"40.615,40.623,-74.078,-74.067",770.9000000000013
253,40.615,40.623,40.619,-74.089,-74.078,-74.0835,"40.615,40.623,-74.089,-74.078",3533.299999999971
254,40.615,40.623,40.619,-74.1,-74.089,-74.0945,"40.615,40.623,-74.1,-74.089",215.4999999999999
255,40.615,40.623,40.619,-74.111,-74.1,-74.1055,"40.615,40.623,-74.111,-74.1",342.80000000000007
256,40.615,40.623,40.619,-74.122,-74.111,-74.1165,"40.615,40.623,-74.122,-74.111",96.09999999999997
257,40.615,40.623,40.619,-74.133,-74.122,-74.1275,"40.615,40.623,-74.133,-74.122",359.19999999999993
258,40.615,40.623,40.619,-74.144,-74.133,-74.1385,"40.615,40.623,-74.144,-74.133",373.90000000000026
259,40.615,40.623,40.619,-74.155,-74.144,-74.1495,"40.615,40.623,-74.155,-74.144",487.2000000000005
260,40.615,40.623,40.619,-74.166,-74.155,-74.1605,"40.615,40.623,-74.166,-74.155",709.6000000000013
261,40.615,40.623,40.619,-74.177,-74.166,-74.17150000000001,"40.615,40.623,-74.177,-74.166",148.19999999999996
262,40.615,40.623,40.619,-74.189,-74.177,-74.18299999999999,"40.615,40.623,-74.189,-74.177",8.1
263,40.623,40.631,40.626999999999995,-73.889,-73.878,-73.8835,"40.623,40.631,-73.889,-73.878",273.59999999999997
264,40.623,40.631,40.626999999999995,-73.9,-73.889,-73.8945,"40.623,40.631,-73.9,-73.889",562.1000000000006
265,40.623,40.631,40.626999999999995,-73.911,-73.9,-73.9055,"40.623,40.631,-73.911,-73.9",1293.1999999999994
266,40.623,40.631,40.626999999999995,-73.922,-73.911,-73.9165,"40.623,40.631,-73.922,-73.911",1864.8999999999967
267,40.623,40.631,40.626999999999995,-73.933,-73.922,-73.92750000000001,"40.623,40.631,-73.933,-73.922",2533.999999999993
268,40.623,40.631,40.626999999999995,-73.945,-73.933,-73.939,"40.623,40.631,-73.945,-73.933",2684.3999999999905
269,40.623,40.631,40.626999999999995,-73.956,-73.945,-73.9505,"40.623,40.631,-73.956,-73.945",2278.7999999999965
270,40.623,40.631,40.626999999999995,-73.967,-73.956,-73.9615,"40.623,40.631,-73.967,-73.956",2119.9999999999945
271,40.623,40.631,40.626999999999995,-73.978,-73.967,-73.9725,"40.623,40.631,-73.978,-73.967",1961.7999999999963
272,40.623,40.631,40.626999999999995,-73.989,-73.978,-73.98349999999999,"40.623,40.631,-73.989,-73.978",929.1000000000006
273,40.623,40.631,40.626999999999995,-74.0,-73.989,-73.9945,"40.623,40.631,-74.0,-73.989",1884.199999999998
274,40.623,40.631,40.626999999999995,-74.011,-74.0,-74.0055,"40.623,40.631,-74.011,-74.0",2140.4999999999964
275,40.623,40.631,40.626999999999995,-74.022,-74.011,-74.01650000000001,"40.623,40.631,-74.022,-74.011",1743.1999999999975
276,40.623,40.631,40.626999999999995,-74.033,-74.022,-74.0275,"40.623,40.631,-74.033,-74.022",2694.599999999988
277,40.623,40.631,40.626999999999995,-74.044,-74.033,-74.0385,"40.623,40.631,-74.044,-74.033",563.7000000000007
278,40.623,40.631,40.626999999999995,-74.078,-74.067,-74.07249999999999,"40.623,40.631,-74.078,-74.067",1032.1000000000017
279,40.623,40.631,40.626999999999995,-74.089,-74.078,-74.0835,"40.623,40.631,-74.089,-74.078",1701.999999999995
280,40.623,40.631,40.626999999999995,-74.1,-74.089,-74.0945,"40.623,40.631,-74.1,-74.089",211.99999999999991
281,40.623,40.631,40.626999999999995,-74.111,-74.1,-74.1055,"40.623,40.631,-74.111,-74.1",458.7000000000003
282,40.623,40.631,40.626999999999995,-74.122,-74.111,-74.1165,"40.623,40.631,-74.122,-74.111",749.800000000001
283,40.623,40.631,40.626999999999995,-74.133,-74.122,-74.1275,"40.623,40.631,-74.133,-74.122",943.9000000000015
284,40.623,40.631,40.626999999999995,-74.144,-74.133,-74.1385,"40.623,40.631,-74.144,-74.133",1477.7999999999986
285,40.623,40.631,40.626999999999995,-74.155,-74.144,-74.1495,"40.623,40.631,-74.155,-74.144",1827.3999999999949
286,40.623,40.631,40.626999999999995,-74.166,-74.155,-74.1605,"40.623,40.631,-74.166,-74.155",1569.7999999999952
287,40.623,40.631,40.626999999999995,-74.177,-74.166,-74.17150000000001,"40.623,40.631,-74.177,-74.166",422.1
288,40.623,40.631,40.626999999999995,-74.189,-74.177,-74.18299999999999,"40.623,40.631,-74.189,-74.177",34.80000000000001
289,40.631,40.64,40.6355,-73.745,-73.734,-73.73949999999999,"40.631,40.64,-73.745,-73.734",73.19999999999999
290,40.631,40.64,40.6355,-73.756,-73.745,-73.7505,"40.631,40.64,-73.756,-73.745",6.0
291,40.631,40.64,40.6355,-73.889,-73.878,-73.8835,"40.631,40.64,-73.889,-73.878",2001.6999999999948
292,40.631,40.64,40.6355,-73.9,-73.889,-73.8945,"40.631,40.64,-73.9,-73.889",2801.89999999999
293,40.631,40.64,40.6355,-73.911,-73.9,-73.9055,"40.631,40.64,-73.911,-73.9",2845.999999999989
294,40.631,40.64,40.6355,-73.922,-73.911,-73.9165,"40.631,40.64,-73.922,-73.911",3303.199999999985
295,40.631,40.64,40.6355,-73.933,-73.922,-73.92750000000001,"40.631,40.64,-73.933,-73.922",2418.099999999994
296,40.631,40.64,40.6355,-73.945,-73.933,-73.939,"40.631,40.64,-73.945,-73.933",3118.3999999999905
297,40.631,40.64,40.6355,-73.956,-73.945,-73.9505,"40.631,40.64,-73.956,-73.945",7582.400000000052
298,40.631,40.64,40.6355,-73.967,-73.956,-73.9615,"40.631,40.64,-73.967,-73.956",3469.799999999988
299,40.631,40.64,40.6355,-73.978,-73.967,-73.9725,"40.631,40.64,-73.978,-73.967",2649.1999999999907
300,40.631,40.64,40.6355,-73.989,-73.978,-73.98349999999999,"40.631,40.64,-73.989,-73.978",1391.0999999999985
301,40.631,40.64,40.6355,-74.0,-73.989,-73.9945,"40.631,40.64,-74.0,-73.989",1953.4999999999955
302,40.631,40.64,40.6355,-74.011,-74.0,-74.0055,"40.631,40.64,-74.011,-74.0",3696.799999999994
303,40.631,40.64,40.6355,-74.022,-74.011,-74.01650000000001,"40.631,40.64,-74.022,-74.011",2831.399999999994
304,40.631,40.64,40.6355,-74.033,-74.022,-74.0275,"40.631,40.64,-74.033,-74.022",3131.7999999999865
305,40.631,40.64,40.6355,-74.044,-74.033,-74.0385,"40.631,40.64,-74.044,-74.033",499.7000000000003
306,40.631,40.64,40.6355,-74.078,-74.067,-74.07249999999999,"40.631,40.64,-74.078,-74.067",938.0000000000016
307,40.631,40.64,40.6355,-74.089,-74.078,-74.0835,"40.631,40.64,-74.089,-74.078",2443.999999999988
308,40.631,40.64,40.6355,-74.1,-74.089,-74.0945,"40.631,40.64,-74.1,-74.089",657.1000000000012
309,40.631,40.64,40.6355,-74.111,-74.1,-74.1055,"40.631,40.64,-74.111,-74.1",685.900000000001
310,40.631,40.64,40.6355,-74.122,-74.111,-74.1165,"40.631,40.64,-74.122,-74.111",2474.7999999999856
311,40.631,40.64,40.6355,-74.133,-74.122,-74.1275,"40.631,40.64,-74.133,-74.122",1776.199999999994
312,40.631,40.64,40.6355,-74.144,-74.133,-74.1385,"40.631,40.64,-74.144,-74.133",2727.7999999999884
313,40.631,40.64,40.6355,-74.155,-74.144,-74.1495,"40.631,40.64,-74.155,-74.144",880.9000000000016
314,40.631,40.64,40.6355,-74.166,-74.155,-74.1605,"40.631,40.64,-74.166,-74.155",2141.099999999992
315,40.631,40.64,40.6355,-74.177,-74.166,-74.17150000000001,"40.631,40.64,-74.177,-74.166",1224.3999999999992
316,40.631,40.64,40.6355,-74.189,-74.177,-74.18299999999999,"40.631,40.64,-74.189,-74.177",11.2
317,40.64,40.648,40.644000000000005,-73.745,-73.734,-73.73949999999999,"40.64,40.648,-73.745,-73.734",30.1
318,40.64,40.648,40.644000000000005,-73.789,-73.778,-73.7835,"40.64,40.648,-73.789,-73.778",11.0
319,40.64,40.648,40.644000000000005,-73.878,-73.867,-73.8725,"40.64,40.648,-73.878,-73.867",177.89999999999995
320,40.64,40.648,40.644000000000005,-73.889,-73.878,-73.8835,"40.64,40.648,-73.889,-73.878",1187.300000000001
321,40.64,40.648,40.644000000000005,-73.9,-73.889,-73.8945,"40.64,40.648,-73.9,-73.889",2817.7999999999884
322,40.64,40.648,40.644000000000005,-73.911,-73.9,-73.9055,"40.64,40.648,-73.911,-73.9",3260.6999999999844
323,40.64,40.648,40.644000000000005,-73.922,-73.911,-73.9165,"40.64,40.648,-73.922,-73.911",2170.1999999999957
324,40.64,40.648,40.644000000000005,-73.933,-73.922,-73.92750000000001,"40.64,40.648,-73.933,-73.922",2519.6999999999925
325,40.64,40.648,40.644000000000005,-73.945,-73.933,-73.939,"40.64,40.648,-73.945,-73.933",2048.699999999994
326,40.64,40.648,40.644000000000005,-73.956,-73.945,-73.9505,"40.64,40.648,-73.956,-73.945",6385.90000000004
327,40.64,40.648,40.644000000000005,-73.967,-73.956,-73.9615,"40.64,40.648,-73.967,-73.956",6539.40000000004
328,40.64,40.648,40.644000000000005,-73.978,-73.967,-73.9725,"40.64,40.648,-73.978,-73.967",2905.199999999992
329,40.64,40.648,40.644000000000005,-73.989,-73.978,-73.98349999999999,"40.64,40.648,-73.989,-73.978",2150.0999999999945
330,40.64,40.648,40.644000000000005,-74.0,-73.989,-73.9945,"40.64,40.648,-74.0,-73.989",2722.0999999999917
331,40.64,40.648,40.644000000000005,-74.011,-74.0,-74.0055,"40.64,40.648,-74.011,-74.0",4717.299999999997
332,40.64,40.648,40.644000000000005,-74.022,-74.011,-74.01650000000001,"40.64,40.648,-74.022,-74.011",5060.500000000009
333,40.64,40.648,40.644000000000005,-74.033,-74.022,-74.0275,"40.64,40.648,-74.033,-74.022",512.1000000000004
334,40.64,40.648,40.644000000000005,-74.044,-74.033,-74.0385,"40.64,40.648,-74.044,-74.033",19.0
335,40.64,40.648,40.644000000000005,-74.078,-74.067,-74.07249999999999,"40.64,40.648,-74.078,-74.067",1331.7999999999993
336,40.64,40.648,40.644000000000005,-74.089,-74.078,-74.0835,"40.64,40.648,-74.089,-74.078",2736.499999999978
337,40.64,40.648,40.644000000000005,-74.1,-74.089,-74.0945,"40.64,40.648,-74.1,-74.089",837.5000000000013
338,40.64,40.648,40.644000000000005,-74.111,-74.1,-74.1055,"40.64,40.648,-74.111,-74.1",226.79999999999993
339,40.64,40.648,40.644000000000005,-74.122,-74.111,-74.1165,"40.64,40.648,-74.122,-74.111",374.5000000000001
340,40.64,40.648,40.644000000000005,-74.133,-74.122,-74.1275,"40.64,40.648,-74.133,-74.122",172.59999999999994
341,40.64,40.648,40.644000000000005,-74.144,-74.133,-74.1385,"40.64,40.648,-74.144,-74.133",244.99999999999997
342,40.64,40.648,40.644000000000005,-74.166,-74.155,-74.1605,"40.64,40.648,-74.166,-74.155",51.60000000000001
343,40.64,40.648,40.644000000000005,-74.177,-74.166,-74.17150000000001,"40.64,40.648,-74.177,-74.166",133.2
344,40.64,40.648,40.644000000000005,-74.189,-74.177,-74.18299999999999,"40.64,40.648,-74.189,-74.177",4.0
345,40.648,40.656,40.652,-73.734,-73.723,-73.7285,"40.648,40.656,-73.734,-73.723",822.300000000001
346,40.648,40.656,40.652,-73.745,-73.734,-73.73949999999999,"40.648,40.656,-73.745,-73.734",841.8000000000006
347,40.648,40.656,40.652,-73.756,-73.745,-73.7505,"40.648,40.656,-73.756,-73.745",255.99999999999994
348,40.648,40.656,40.652,-73.767,-73.756,-73.7615,"40.648,40.656,-73.767,-73.756",14.2
349,40.648,40.656,40.652,-73.834,-73.823,-73.82849999999999,"40.648,40.656,-73.834,-73.823",234.79999999999993
350,40.648,40.656,40.652,-73.845,-73.834,-73.8395,"40.648,40.656,-73.845,-73.834",739.8000000000006
351,40.648,40.656,40.652,-73.856,-73.845,-73.8505,"40.648,40.656,-73.856,-73.845",214.29999999999995
352,40.648,40.656,40.652,-73.867,-73.856,-73.8615,"40.648,40.656,-73.867,-73.856",86.19999999999999
353,40.648,40.656,40.652,-73.878,-73.867,-73.8725,"40.648,40.656,-73.878,-73.867",2079.299999999999
354,40.648,40.656,40.652,-73.889,-73.878,-73.8835,"40.648,40.656,-73.889,-73.878",2665.9999999999914
355,40.648,40.656,40.652,-73.9,-73.889,-73.8945,"40.648,40.656,-73.9,-73.889",2681.899999999988
356,40.648,40.656,40.652,-73.911,-73.9,-73.9055,"40.648,40.656,-73.911,-73.9",1804.4999999999961
357,40.648,40.656,40.652,-73.922,-73.911,-73.9165,"40.648,40.656,-73.922,-73.911",3808.9999999999827
358,40.648,40.656,40.652,-73.933,-73.922,-73.92750000000001,"40.648,40.656,-73.933,-73.922",5150.30000000001
359,40.648,40.656,40.652,-73.945,-73.933,-73.939,"40.648,40.656,-73.945,-73.933",3247.899999999987
360,40.648,40.656,40.652,-73.956,-73.945,-73.9505,"40.648,40.656,-73.956,-73.945",7885.80000000007
361,40.648,40.656,40.652,-73.967,-73.956,-73.9615,"40.648,40.656,-73.967,-73.956",9454.600000000102
362,40.648,40.656,40.652,-73.978,-73.967,-73.9725,"40.648,40.656,-73.978,-73.967",1234.7999999999997
363,40.648,40.656,40.652,-73.989,-73.978,-73.98349999999999,"40.648,40.656,-73.989,-73.978",454.00000000000006
364,40.648,40.656,40.652,-74.0,-73.989,-73.9945,"40.648,40.656,-74.0,-73.989",195.2
365,40.648,40.656,40.652,-74.011,-74.0,-74.0055,"40.648,40.656,-74.011,-74.0",3941.199999999985
366,40.648,40.656,40.652,-74.022,-74.011,-74.01650000000001,"40.648,40.656,-74.022,-74.011",1269.6000000000001
367,40.648,40.656,40.652,-74.033,-74.022,-74.0275,"40.648,40.656,-74.033,-74.022",4.2
368,40.648,40.656,40.652,-74.089,-74.078,-74.0835,"40.648,40.656,-74.089,-74.078",57.300000000000004
369,40.656,40.664,40.66,-73.734,-73.723,-73.7285,"40.656,40.664,-73.734,-73.723",840.3000000000011
370,40.656,40.664,40.66,-73.745,-73.734,-73.73949999999999,"40.656,40.664,-73.745,-73.734",1251.3999999999996
371,40.656,40.664,40.66,-73.756,-73.745,-73.7505,"40.656,40.664,-73.756,-73.745",1245.2000000000003
372,40.656,40.664,40.66,-73.767,-73.756,-73.7615,"40.656,40.664,-73.767,-73.756",1031.3000000000006
373,40.656,40.664,40.66,-73.778,-73.767,-73.77250000000001,"40.656,40.664,-73.778,-73.767",1225.699999999999
374,40.656,40.664,40.66,-73.789,-73.778,-73.7835,"40.656,40.664,-73.789,-73.778",69.1
375,40.656,40.664,40.66,-73.8,-73.789,-73.7945,"40.656,40.664,-73.8,-73.789",22.0
376,40.656,40.664,40.66,-73.811,-73.8,-73.8055,"40.656,40.664,-73.811,-73.8",31.0
377,40.656,40.664,40.66,-73.823,-73.811,-73.81700000000001,"40.656,40.664,-73.823,-73.811",36.0
378,40.656,40.664,40.66,-73.834,-73.823,-73.82849999999999,"40.656,40.664,-73.834,-73.823",252.79999999999995
379,40.656,40.664,40.66,-73.845,-73.834,-73.8395,"40.656,40.664,-73.845,-73.834",1126.8000000000009
380,40.656,40.664,40.66,-73.856,-73.845,-73.8505,"40.656,40.664,-73.856,-73.845",815.5000000000008
381,40.656,40.664,40.66,-73.867,-73.856,-73.8615,"40.656,40.664,-73.867,-73.856",394.6000000000003
382,40.656,40.664,40.66,-73.878,-73.867,-73.8725,"40.656,40.664,-73.878,-73.867",1801.099999999998
383,40.656,40.664,40.66,-73.889,-73.878,-73.8835,"40.656,40.664,-73.889,-73.878",6814.200000000052
384,40.656,40.664,40.66,-73.9,-73.889,-73.8945,"40.656,40.664,-73.9,-73.889",6341.800000000034
385,40.656,40.664,40.66,-73.911,-73.9,-73.9055,"40.656,40.664,-73.911,-73.9",7861.500000000073
386,40.656,40.664,40.66,-73.922,-73.911,-73.9165,"40.656,40.664,-73.922,-73.911",7347.600000000077
387,40.656,40.664,40.66,-73.933,-73.922,-73.92750000000001,"40.656,40.664,-73.933,-73.922",6696.9000000000515
388,40.656,40.664,40.66,-73.945,-73.933,-73.939,"40.656,40.664,-73.945,-73.933",4918.700000000001
389,40.656,40.664,40.66,-73.956,-73.945,-73.9505,"40.656,40.664,-73.956,-73.945",6247.800000000032
390,40.656,40.664,40.66,-73.967,-73.956,-73.9615,"40.656,40.664,-73.967,-73.956",4615.699999999995
391,40.656,40.664,40.66,-73.978,-73.967,-73.9725,"40.656,40.664,-73.978,-73.967",191.39999999999998
392,40.656,40.664,40.66,-73.989,-73.978,-73.98349999999999,"40.656,40.664,-73.989,-73.978",1634.499999999996
393,40.656,40.664,40.66,-74.0,-73.989,-73.9945,"40.656,40.664,-74.0,-73.989",1881.7999999999965
394,40.656,40.664,40.66,-74.011,-74.0,-74.0055,"40.656,40.664,-74.011,-74.0",723.7000000000006
395,40.656,40.664,40.66,-74.022,-74.011,-74.01650000000001,"40.656,40.664,-74.022,-74.011",23.0
396,40.664,40.673,40.6685,-73.734,-73.723,-73.7285,"40.664,40.673,-73.734,-73.723",554.4000000000004
397,40.664,40.673,40.6685,-73.745,-73.734,-73.73949999999999,"40.664,40.673,-73.745,-73.734",964.9000000000005
398,40.664,40.673,40.6685,-73.756,-73.745,-73.7505,"40.664,40.673,-73.756,-73.745",1203.1
399,40.664,40.673,40.6685,-73.767,-73.756,-73.7615,"40.664,40.673,-73.767,-73.756",1970.4999999999964
400,40.664,40.673,40.6685,-73.778,-73.767,-73.77250000000001,"40.664,40.673,-73.778,-73.767",1940.2999999999965
401,40.664,40.673,40.6685,-73.789,-73.778,-73.7835,"40.664,40.673,-73.789,-73.778",1566.099999999999
402,40.664,40.673,40.6685,-73.8,-73.789,-73.7945,"40.664,40.673,-73.8,-73.789",1536.2999999999993
403,40.664,40.673,40.6685,-73.811,-73.8,-73.8055,"40.664,40.673,-73.811,-73.8",1533.499999999999
404,40.664,40.673,40.6685,-73.823,-73.811,-73.81700000000001,"40.664,40.673,-73.823,-73.811",1377.099999999999
405,40.664,40.673,40.6685,-73.834,-73.823,-73.82849999999999,"40.664,40.673,-73.834,-73.823",501.40000000000015
406,40.664,40.673,40.6685,-73.845,-73.834,-73.8395,"40.664,40.673,-73.845,-73.834",1086.1000000000004
407,40.664,40.673,40.6685,-73.856,-73.845,-73.8505,"40.664,40.673,-73.856,-73.845",1167.1000000000008
408,40.664,40.673,40.6685,-73.867,-73.856,-73.8615,"40.664,40.673,-73.867,-73.856",3434.8999999999874
409,40.664,40.673,40.6685,-73.878,-73.867,-73.8725,"40.664,40.673,-73.878,-73.867",6098.400000000027
410,40.664,40.673,40.6685,-73.889,-73.878,-73.8835,"40.664,40.673,-73.889,-73.878",6989.400000000045
411,40.664,40.673,40.6685,-73.9,-73.889,-73.8945,"40.664,40.673,-73.9,-73.889",8478.800000000088
412,40.664,40.673,40.6685,-73.911,-73.9,-73.9055,"40.664,40.673,-73.911,-73.9",10572.40000000015
413,40.664,40.673,40.6685,-73.922,-73.911,-73.9165,"40.664,40.673,-73.922,-73.911",7349.300000000048
414,40.664,40.673,40.6685,-73.933,-73.922,-73.92750000000001,"40.664,40.673,-73.933,-73.922",11978.200000000172
415,40.664,40.673,40.6685,-73.945,-73.933,-73.939,"40.664,40.673,-73.945,-73.933",6073.0000000000255
416,40.664,40.673,40.6685,-73.956,-73.945,-73.9505,"40.664,40.673,-73.956,-73.945",5460.8000000000175
417,40.664,40.673,40.6685,-73.967,-73.956,-73.9615,"40.664,40.673,-73.967,-73.956",5138.100000000004
418,40.664,40.673,40.6685,-73.978,-73.967,-73.9725,"40.664,40.673,-73.978,-73.967",922.7000000000005
419,40.664,40.673,40.6685,-73.989,-73.978,-73.98349999999999,"40.664,40.673,-73.989,-73.978",3421.099999999986
420,40.664,40.673,40.6685,-74.0,-73.989,-73.9945,"40.664,40.673,-74.0,-73.989",2252.3999999999965
421,40.664,40.673,40.6685,-74.011,-74.0,-74.0055,"40.664,40.673,-74.011,-74.0",187.7
422,40.673,40.681,40.677,-73.734,-73.723,-73.7285,"40.673,40.681,-73.734,-73.723",498.00000000000006
423,40.673,40.681,40.677,-73.745,-73.734,-73.73949999999999,"40.673,40.681,-73.745,-73.734",1594.9999999999982
424,40.673,40.681,40.677,-73.756,-73.745,-73.7505,"40.673,40.681,-73.756,-73.745",1980.899999999996
425,40.673,40.681,40.677,-73.767,-73.756,-73.7615,"40.673,40.681,-73.767,-73.756",1806.6999999999978
426,40.673,40.681,40.677,-73.778,-73.767,-73.77250000000001,"40.673,40.681,-73.778,-73.767",4829.200000000003
427,40.673,40.681,40.677,-73.789,-73.778,-73.7835,"40.673,40.681,-73.789,-73.778",1693.699999999998
428,40.673,40.681,40.677,-73.8,-73.789,-73.7945,"40.673,40.681,-73.8,-73.789",2876.6999999999935
429,40.673,40.681,40.677,-73.811,-73.8,-73.8055,"40.673,40.681,-73.811,-73.8",2058.9999999999945
430,40.673,40.681,40.677,-73.823,-73.811,-73.81700000000001,"40.673,40.681,-73.823,-73.811",2134.899999999992
431,40.673,40.681,40.677,-73.834,-73.823,-73.82849999999999,"40.673,40.681,-73.834,-73.823",3181.9999999999905
432,40.673,40.681,40.677,-73.845,-73.834,-73.8395,"40.673,40.681,-73.845,-73.834",2103.599999999993
433,40.673,40.681,40.677,-73.856,-73.845,-73.8505,"40.673,40.681,-73.856,-73.845",1818.6999999999966
434,40.673,40.681,40.677,-73.867,-73.856,-73.8615,"40.673,40.681,-73.867,-73.856",4160.399999999992
435,40.673,40.681,40.677,-73.878,-73.867,-73.8725,"40.673,40.681,-73.878,-73.867",7076.900000000049
436,40.673,40.681,40.677,-73.889,-73.878,-73.8835,"40.673,40.681,-73.889,-73.878",6420.300000000029
437,40.673,40.681,40.677,-73.9,-73.889,-73.8945,"40.673,40.681,-73.9,-73.889",6178.900000000017
438,40.673,40.681,40.677,-73.911,-73.9,-73.9055,"40.673,40.681,-73.911,-73.9",8174.300000000072
439,40.673,40.681,40.677,-73.922,-73.911,-73.9165,"40.673,40.681,-73.922,-73.911",6181.500000000035
440,40.673,40.681,40.677,-73.933,-73.922,-73.92750000000001,"40.673,40.681,-73.933,-73.922",8361.50000000009
441,40.673,40.681,40.677,-73.945,-73.933,-73.939,"40.673,40.681,-73.945,-73.933",7464.600000000062
442,40.673,40.681,40.677,-73.956,-73.945,-73.9505,"40.673,40.681,-73.956,-73.945",9509.300000000096
443,40.673,40.681,40.677,-73.967,-73.956,-73.9615,"40.673,40.681,-73.967,-73.956",4289.199999999986
444,40.673,40.681,40.677,-73.978,-73.967,-73.9725,"40.673,40.681,-73.978,-73.967",3668.6999999999857
445,40.673,40.681,40.677,-73.989,-73.978,-73.98349999999999,"40.673,40.681,-73.989,-73.978",2925.5999999999926
446,40.673,40.681,40.677,-74.0,-73.989,-73.9945,"40.673,40.681,-74.0,-73.989",2077.399999999996
447,40.673,40.681,40.677,-74.011,-74.0,-74.0055,"40.673,40.681,-74.011,-74.0",3688.99999999998
448,40.673,40.681,40.677,-74.022,-74.011,-74.01650000000001,"40.673,40.681,-74.022,-74.011",803.8000000000006
449,40.681,40.689,40.685,-73.734,-73.723,-73.7285,"40.681,40.689,-73.734,-73.723",441.0000000000002
450,40.681,40.689,40.685,-73.745,-73.734,-73.73949999999999,"40.681,40.689,-73.745,-73.734",541.6000000000004
451,40.681,40.689,40.685,-73.756,-73.745,-73.7505,"40.681,40.689,-73.756,-73.745",945.4000000000011
452,40.681,40.689,40.685,-73.767,-73.756,-73.7615,"40.681,40.689,-73.767,-73.756",1625.4999999999989
453,40.681,40.689,40.685,-73.778,-73.767,-73.77250000000001,"40.681,40.689,-73.778,-73.767",1510.7999999999993
454,40.681,40.689,40.685,-73.789,-73.778,-73.7835,"40.681,40.689,-73.789,-73.778",2627.199999999995
455,40.681,40.689,40.685,-73.8,-73.789,-73.7945,"40.681,40.689,-73.8,-73.789",3128.1999999999935
456,40.681,40.689,40.685,-73.811,-73.8,-73.8055,"40.681,40.689,-73.811,-73.8",2291.999999999995
457,40.681,40.689,40.685,-73.823,-73.811,-73.81700000000001,"40.681,40.689,-73.823,-73.811",3268.199999999986
458,40.681,40.689,40.685,-73.834,-73.823,-73.82849999999999,"40.681,40.689,-73.834,-73.823",3561.199999999983
459,40.681,40.689,40.685,-73.845,-73.834,-73.8395,"40.681,40.689,-73.845,-73.834",2940.8999999999883
460,40.681,40.689,40.685,-73.856,-73.845,-73.8505,"40.681,40.689,-73.856,-73.845",2546.3999999999937
461,40.681,40.689,40.685,-73.867,-73.856,-73.8615,"40.681,40.689,-73.867,-73.856",2831.299999999991
462,40.681,40.689,40.685,-73.878,-73.867,-73.8725,"40.681,40.689,-73.878,-73.867",4807.399999999998
463,40.681,40.689,40.685,-73.889,-73.878,-73.8835,"40.681,40.689,-73.889,-73.878",2665.899999999993
464,40.681,40.689,40.685,-73.9,-73.889,-73.8945,"40.681,40.689,-73.9,-73.889",811.9000000000007
465,40.681,40.689,40.685,-73.911,-73.9,-73.9055,"40.681,40.689,-73.911,-73.9",3275.69999999999
466,40.681,40.689,40.685,-73.922,-73.911,-73.9165,"40.681,40.689,-73.922,-73.911",7962.500000000082
467,40.681,40.689,40.685,-73.933,-73.922,-73.92750000000001,"40.681,40.689,-73.933,-73.922",6678.300000000048
468,40.681,40.689,40.685,-73.945,-73.933,-73.939,"40.681,40.689,-73.945,-73.933",6345.200000000034
469,40.681,40.689,40.685,-73.956,-73.945,-73.9505,"40.681,40.689,-73.956,-73.945",6624.900000000052
470,40.681,40.689,40.685,-73.967,-73.956,-73.9615,"40.681,40.689,-73.967,-73.956",6443.700000000026
471,40.681,40.689,40.685,-73.978,-73.967,-73.9725,"40.681,40.689,-73.978,-73.967",7397.1000000000295
472,40.681,40.689,40.685,-73.989,-73.978,-73.98349999999999,"40.681,40.689,-73.989,-73.978",6702.00000000004
473,40.681,40.689,40.685,-74.0,-73.989,-73.9945,"40.681,40.689,-74.0,-73.989",4160.799999999988
474,40.681,40.689,40.685,-74.011,-74.0,-74.0055,"40.681,40.689,-74.011,-74.0",1216.1000000000001
475,40.689,40.697,40.693,-73.734,-73.723,-73.7285,"40.689,40.697,-73.734,-73.723",622.4000000000004
476,40.689,40.697,40.693,-73.745,-73.734,-73.73949999999999,"40.689,40.697,-73.745,-73.734",1592.9999999999984
477,40.689,40.697,40.693,-73.756,-73.745,-73.7505,"40.689,40.697,-73.756,-73.745",1787.7999999999975
478,40.689,40.697,40.693,-73.767,-73.756,-73.7615,"40.689,40.697,-73.767,-73.756",1820.5999999999976
479,40.689,40.697,40.693,-73.778,-73.767,-73.77250000000001,"40.689,40.697,-73.778,-73.767",894.7000000000004
480,40.689,40.697,40.693,-73.789,-73.778,-73.7835,"40.689,40.697,-73.789,-73.778",2791.6999999999916
481,40.689,40.697,40.693,-73.8,-73.789,-73.7945,"40.689,40.697,-73.8,-73.789",3988.599999999981
482,40.689,40.697,40.693,-73.811,-73.8,-73.8055,"40.689,40.697,-73.811,-73.8",3140.0999999999885
483,40.689,40.697,40.693,-73.823,-73.811,-73.81700000000001,"40.689,40.697,-73.823,-73.811",2432.9999999999914
484,40.689,40.697,40.693,-73.834,-73.823,-73.82849999999999,"40.689,40.697,-73.834,-73.823",2349.199999999993
485,40.689,40.697,40.693,-73.845,-73.834,-73.8395,"40.689,40.697,-73.845,-73.834",2906.4999999999895
486,40.689,40.697,40.693,-73.856,-73.845,-73.8505,"40.689,40.697,-73.856,-73.845",2730.1999999999916
487,40.689,40.697,40.693,-73.867,-73.856,-73.8615,"40.689,40.697,-73.867,-73.856",2123.2999999999947
488,40.689,40.697,40.693,-73.878,-73.867,-73.8725,"40.689,40.697,-73.878,-73.867",707.7000000000007
489,40.689,40.697,40.693,-73.889,-73.878,-73.8835,"40.689,40.697,-73.889,-73.878",32.400000000000006
490,40.689,40.697,40.693,-73.9,-73.889,-73.8945,"40.689,40.697,-73.9,-73.889",908.2000000000011
491,40.689,40.697,40.693,-73.911,-73.9,-73.9055,"40.689,40.697,-73.911,-73.9",4086.399999999982
492,40.689,40.697,40.693,-73.922,-73.911,-73.9165,"40.689,40.697,-73.922,-73.911",5697.200000000012
493,40.689,40.697,40.693,-73.933,-73.922,-73.92750000000001,"40.689,40.697,-73.933,-73.922",6463.600000000044
494,40.689,40.697,40.693,-73.945,-73.933,-73.939,"40.689,40.697,-73.945,-73.933",9610.700000000106
495,40.689,40.697,40.693,-73.956,-73.945,-73.9505,"40.689,40.697,-73.956,-73.945",6655.000000000038
496,40.689,40.697,40.693,-73.967,-73.956,-73.9615,"40.689,40.697,-73.967,-73.956",3835.499999999988
497,40.689,40.697,40.693,-73.978,-73.967,-73.9725,"40.689,40.697,-73.978,-73.967",5808.400000000024
498,40.689,40.697,40.693,-73.989,-73.978,-73.98349999999999,"40.689,40.697,-73.989,-73.978",10917.00000000016
499,40.689,40.697,40.693,-74.0,-73.989,-73.9945,"40.689,40.697,-74.0,-73.989",4747.099999999993
500,40.689,40.697,40.693,-74.011,-74.0,-74.0055,"40.689,40.697,-74.011,-74.0",58.0
501,40.697,40.706,40.7015,-73.734,-73.723,-73.7285,"40.697,40.706,-73.734,-73.723",622.7000000000004
502,40.697,40.706,40.7015,-73.745,-73.734,-73.73949999999999,"40.697,40.706,-73.745,-73.734",1301.0000000000002
503,40.697,40.706,40.7015,-73.756,-73.745,-73.7505,"40.697,40.706,-73.756,-73.745",1914.5999999999967
504,40.697,40.706,40.7015,-73.767,-73.756,-73.7615,"40.697,40.706,-73.767,-73.756",1805.0999999999972
505,40.697,40.706,40.7015,-73.778,-73.767,-73.77250000000001,"40.697,40.706,-73.778,-73.767",846.4000000000007
506,40.697,40.706,40.7015,-73.789,-73.778,-73.7835,"40.697,40.706,-73.789,-73.778",2771.799999999991
507,40.697,40.706,40.7015,-73.8,-73.789,-73.7945,"40.697,40.706,-73.8,-73.789",6779.700000000027
508,40.697,40.706,40.7015,-73.811,-73.8,-73.8055,"40.697,40.706,-73.811,-73.8",5608.400000000013
509,40.697,40.706,40.7015,-73.823,-73.811,-73.81700000000001,"40.697,40.706,-73.823,-73.811",3070.699999999991
510,40.697,40.706,40.7015,-73.834,-73.823,-73.82849999999999,"40.697,40.706,-73.834,-73.823",2822.399999999992
511,40.697,40.706,40.7015,-73.845,-73.834,-73.8395,"40.697,40.706,-73.845,-73.834",1071.4000000000008
512,40.697,40.706,40.7015,-73.856,-73.845,-73.8505,"40.697,40.706,-73.856,-73.845",617.6000000000005
513,40.697,40.706,40.7015,-73.867,-73.856,-73.8615,"40.697,40.706,-73.867,-73.856",505.60000000000014
514,40.697,40.706,40.7015,-73.878,-73.867,-73.8725,"40.697,40.706,-73.878,-73.867",624.4000000000005
515,40.697,40.706,40.7015,-73.889,-73.878,-73.8835,"40.697,40.706,-73.889,-73.878",1200.4999999999993
516,40.697,40.706,40.7015,-73.9,-73.889,-73.8945,"40.697,40.706,-73.9,-73.889",2870.5999999999867
517,40.697,40.706,40.7015,-73.911,-73.9,-73.9055,"40.697,40.706,-73.911,-73.9",5639.800000000019
518,40.697,40.706,40.7015,-73.922,-73.911,-73.9165,"40.697,40.706,-73.922,-73.911",7804.90000000006
519,40.697,40.706,40.7015,-73.933,-73.922,-73.92750000000001,"40.697,40.706,-73.933,-73.922",5843.20000000002
520,40.697,40.706,40.7015,-73.945,-73.933,-73.939,"40.697,40.706,-73.945,-73.933",10394.600000000097
521,40.697,40.706,40.7015,-73.956,-73.945,-73.9505,"40.697,40.706,-73.956,-73.945",4015.699999999985
522,40.697,40.706,40.7015,-73.967,-73.956,-73.9615,"40.697,40.706,-73.967,-73.956",1872.5999999999958
523,40.697,40.706,40.7015,-73.978,-73.967,-73.9725,"40.697,40.706,-73.978,-73.967",267.9
524,40.697,40.706,40.7015,-73.989,-73.978,-73.98349999999999,"40.697,40.706,-73.989,-73.978",3030.699999999989
525,40.697,40.706,40.7015,-74.0,-73.989,-73.9945,"40.697,40.706,-74.0,-73.989",1608.1999999999985
526,40.697,40.706,40.7015,-74.011,-74.0,-74.0055,"40.697,40.706,-74.011,-74.0",969.200000000001
527,40.697,40.706,40.7015,-74.022,-74.011,-74.01650000000001,"40.697,40.706,-74.022,-74.011",1868.2999999999947
528,40.706,40.714,40.71,-73.734,-73.723,-73.7285,"40.706,40.714,-73.734,-73.723",786.6000000000004
529,40.706,40.714,40.71,-73.745,-73.734,-73.73949999999999,"40.706,40.714,-73.745,-73.734",1414.9999999999984
530,40.706,40.714,40.71,-73.756,-73.745,-73.7505,"40.706,40.714,-73.756,-73.745",1766.8999999999974
531,40.706,40.714,40.71,-73.767,-73.756,-73.7615,"40.706,40.714,-73.767,-73.756",1950.599999999994
532,40.706,40.714,40.71,-73.778,-73.767,-73.77250000000001,"40.706,40.714,-73.778,-73.767",1959.2999999999954
533,40.706,40.714,40.71,-73.789,-73.778,-73.7835,"40.706,40.714,-73.789,-73.778",3908.3999999999833
534,40.706,40.714,40.71,-73.8,-73.789,-73.7945,"40.706,40.714,-73.8,-73.789",6412.100000000027
535,40.706,40.714,40.71,-73.811,-73.8,-73.8055,"40.706,40.714,-73.811,-73.8",2809.8999999999915
536,40.706,40.714,40.71,-73.823,-73.811,-73.81700000000001,"40.706,40.714,-73.823,-73.811",1910.1999999999957
537,40.706,40.714,40.71,-73.834,-73.823,-73.82849999999999,"40.706,40.714,-73.834,-73.823",1505.4999999999993
538,40.706,40.714,40.71,-73.845,-73.834,-73.8395,"40.706,40.714,-73.845,-73.834",739.2000000000006
539,40.706,40.714,40.71,-73.856,-73.845,-73.8505,"40.706,40.714,-73.856,-73.845",720.6000000000004
540,40.706,40.714,40.71,-73.867,-73.856,-73.8615,"40.706,40.714,-73.867,-73.856",1032.2000000000007
541,40.706,40.714,40.71,-73.878,-73.867,-73.8725,"40.706,40.714,-73.878,-73.867",1210.4000000000003
542,40.706,40.714,40.71,-73.889,-73.878,-73.8835,"40.706,40.714,-73.889,-73.878",369.6000000000002
543,40.706,40.714,40.71,-73.9,-73.889,-73.8945,"40.706,40.714,-73.9,-73.889",1732.099999999998
544,40.706,40.714,40.71,-73.911,-73.9,-73.9055,"40.706,40.714,-73.911,-73.9",2428.499999999992
545,40.706,40.714,40.71,-73.922,-73.911,-73.9165,"40.706,40.714,-73.922,-73.911",1980.499999999996
546,40.706,40.714,40.71,-73.933,-73.922,-73.92750000000001,"40.706,40.714,-73.933,-73.922",1286.5999999999995
547,40.706,40.714,40.71,-73.945,-73.933,-73.939,"40.706,40.714,-73.945,-73.933",4679.499999999997
548,40.706,40.714,40.71,-73.956,-73.945,-73.9505,"40.706,40.714,-73.956,-73.945",5789.400000000011
549,40.706,40.714,40.71,-73.967,-73.956,-73.9615,"40.706,40.714,-73.967,-73.956",6496.800000000016
550,40.706,40.714,40.71,-73.978,-73.967,-73.9725,"40.706,40.714,-73.978,-73.967",618.5000000000005
551,40.706,40.714,40.71,-73.989,-73.978,-73.98349999999999,"40.706,40.714,-73.989,-73.978",2437.899999999988
552,40.706,40.714,40.71,-74.0,-73.989,-73.9945,"40.706,40.714,-74.0,-73.989",4095.499999999981
553,40.706,40.714,40.71,-74.011,-74.0,-74.0055,"40.706,40.714,-74.011,-74.0",8557.500000000058
554,40.706,40.714,40.71,-74.022,-74.011,-74.01650000000001,"40.706,40.714,-74.022,-74.011",1804.6999999999962
555,40.714,40.722,40.718,-73.734,-73.723,-73.7285,"40.714,40.722,-73.734,-73.723",538.7000000000002
556,40.714,40.722,40.718,-73.745,-73.734,-73.73949999999999,"40.714,40.722,-73.745,-73.734",1410.3999999999987
557,40.714,40.722,40.718,-73.756,-73.745,-73.7505,"40.714,40.722,-73.756,-73.745",1539.2999999999977
558,40.714,40.722,40.718,-73.767,-73.756,-73.7615,"40.714,40.722,-73.767,-73.756",1344.0999999999995
559,40.714,40.722,40.718,-73.778,-73.767,-73.77250000000001,"40.714,40.722,-73.778,-73.767",794.5000000000006
560,40.714,40.722,40.718,-73.789,-73.778,-73.7835,"40.714,40.722,-73.789,-73.778",479.30000000000007
561,40.714,40.722,40.718,-73.8,-73.789,-73.7945,"40.714,40.722,-73.8,-73.789",702.9000000000007
562,40.714,40.722,40.718,-73.811,-73.8,-73.8055,"40.714,40.722,-73.811,-73.8",1265.1
563,40.714,40.722,40.718,-73.823,-73.811,-73.81700000000001,"40.714,40.722,-73.823,-73.811",1202.999999999999
564,40.714,40.722,40.718,-73.834,-73.823,-73.82849999999999,"40.714,40.722,-73.834,-73.823",831.0000000000005
565,40.714,40.722,40.718,-73.845,-73.834,-73.8395,"40.714,40.722,-73.845,-73.834",2253.3999999999974
566,40.714,40.722,40.718,-73.856,-73.845,-73.8505,"40.714,40.722,-73.856,-73.845",954.8000000000008
567,40.714,40.722,40.718,-73.867,-73.856,-73.8615,"40.714,40.722,-73.867,-73.856",532.4000000000003
568,40.714,40.722,40.718,-73.878,-73.867,-73.8725,"40.714,40.722,-73.878,-73.867",473.7000000000006
569,40.714,40.722,40.718,-73.889,-73.878,-73.8835,"40.714,40.722,-73.889,-73.878",630.400000000001
570,40.714,40.722,40.718,-73.9,-73.889,-73.8945,"40.714,40.722,-73.9,-73.889",396.90000000000015
571,40.714,40.722,40.718,-73.911,-73.9,-73.9055,"40.714,40.722,-73.911,-73.9",1459.6999999999985
572,40.714,40.722,40.718,-73.922,-73.911,-73.9165,"40.714,40.722,-73.922,-73.911",465.4000000000002
573,40.714,40.722,40.718,-73.933,-73.922,-73.92750000000001,"40.714,40.722,-73.933,-73.922",144.5
574,40.714,40.722,40.718,-73.945,-73.933,-73.939,"40.714,40.722,-73.945,-73.933",2836.599999999991
575,40.714,40.722,40.718,-73.956,-73.945,-73.9505,"40.714,40.722,-73.956,-73.945",3967.59999999999
576,40.714,40.722,40.718,-73.967,-73.956,-73.9615,"40.714,40.722,-73.967,-73.956",5607.000000000003
577,40.714,40.722,40.718,-73.978,-73.967,-73.9725,"40.714,40.722,-73.978,-73.967",2098.6999999999935
578,40.714,40.722,40.718,-73.989,-73.978,-73.98349999999999,"40.714,40.722,-73.989,-73.978",10846.000000000131
579,40.714,40.722,40.718,-74.0,-73.989,-73.9945,"40.714,40.722,-74.0,-73.989",9106.700000000057
580,40.714,40.722,40.718,-74.011,-74.0,-74.0055,"40.714,40.722,-74.011,-74.0",8774.400000000067
581,40.714,40.722,40.718,-74.022,-74.011,-74.01650000000001,"40.714,40.722,-74.022,-74.011",1150.2000000000003
582,40.722,40.731,40.7265,-73.712,-73.701,-73.7065,"40.722,40.731,-73.712,-73.701",70.6
583,40.722,40.731,40.7265,-73.723,-73.712,-73.7175,"40.722,40.731,-73.723,-73.712",465.2000000000002
584,40.722,40.731,40.7265,-73.734,-73.723,-73.7285,"40.722,40.731,-73.734,-73.723",680.4000000000004
585,40.722,40.731,40.7265,-73.745,-73.734,-73.73949999999999,"40.722,40.731,-73.745,-73.734",1458.3999999999985
586,40.722,40.731,40.7265,-73.756,-73.745,-73.7505,"40.722,40.731,-73.756,-73.745",964.3000000000011
587,40.722,40.731,40.7265,-73.767,-73.756,-73.7615,"40.722,40.731,-73.767,-73.756",547.0000000000002
588,40.722,40.731,40.7265,-73.778,-73.767,-73.77250000000001,"40.722,40.731,-73.778,-73.767",146.3
589,40.722,40.731,40.7265,-73.789,-73.778,-73.7835,"40.722,40.731,-73.789,-73.778",444.70000000000005
590,40.722,40.731,40.7265,-73.8,-73.789,-73.7945,"40.722,40.731,-73.8,-73.789",580.2000000000005
591,40.722,40.731,40.7265,-73.811,-73.8,-73.8055,"40.722,40.731,-73.811,-73.8",1397.1999999999991
592,40.722,40.731,40.7265,-73.823,-73.811,-73.81700000000001,"40.722,40.731,-73.823,-73.811",1683.6999999999964
593,40.722,40.731,40.7265,-73.834,-73.823,-73.82849999999999,"40.722,40.731,-73.834,-73.823",577.3000000000004
594,40.722,40.731,40.7265,-73.845,-73.834,-73.8395,"40.722,40.731,-73.845,-73.834",340.2
595,40.722,40.731,40.7265,-73.856,-73.845,-73.8505,"40.722,40.731,-73.856,-73.845",2313.1999999999916
596,40.722,40.731,40.7265,-73.867,-73.856,-73.8615,"40.722,40.731,-73.867,-73.856",1719.799999999997
597,40.722,40.731,40.7265,-73.878,-73.867,-73.8725,"40.722,40.731,-73.878,-73.867",1120.9000000000005
598,40.722,40.731,40.7265,-73.889,-73.878,-73.8835,"40.722,40.731,-73.889,-73.878",659.7000000000006
599,40.722,40.731,40.7265,-73.9,-73.889,-73.8945,"40.722,40.731,-73.9,-73.889",1411.3999999999992
600,40.722,40.731,40.7265,-73.911,-73.9,-73.9055,"40.722,40.731,-73.911,-73.9",961.6000000000009
601,40.722,40.731,40.7265,-73.922,-73.911,-73.9165,"40.722,40.731,-73.922,-73.911",287.4000000000001
602,40.722,40.731,40.7265,-73.933,-73.922,-73.92750000000001,"40.722,40.731,-73.933,-73.922",221.79999999999998
603,40.722,40.731,40.7265,-73.945,-73.933,-73.939,"40.722,40.731,-73.945,-73.933",1088.5000000000005
604,40.722,40.731,40.7265,-73.956,-73.945,-73.9505,"40.722,40.731,-73.956,-73.945",3058.4999999999923
605,40.722,40.731,40.7265,-73.967,-73.956,-73.9615,"40.722,40.731,-73.967,-73.956",791.8000000000003
606,40.722,40.731,40.7265,-73.978,-73.967,-73.9725,"40.722,40.731,-73.978,-73.967",3098.599999999986
607,40.722,40.731,40.7265,-73.989,-73.978,-73.98349999999999,"40.722,40.731,-73.989,-73.978",10155.800000000088
608,40.722,40.731,40.7265,-74.0,-73.989,-73.9945,"40.722,40.731,-74.0,-73.989",14087.600000000082
609,40.722,40.731,40.7265,-74.011,-74.0,-74.0055,"40.722,40.731,-74.011,-74.0",6577.10000000002
610,40.722,40.731,40.7265,-74.022,-74.011,-74.01650000000001,"40.722,40.731,-74.022,-74.011",8.0
611,40.731,40.739,40.735,-73.712,-73.701,-73.7065,"40.731,40.739,-73.712,-73.701",488.5000000000003
612,40.731,40.739,40.735,-73.723,-73.712,-73.7175,"40.731,40.739,-73.723,-73.712",646.9000000000007
613,40.731,40.739,40.735,-73.734,-73.723,-73.7285,"40.731,40.739,-73.734,-73.723",329.00000000000006
614,40.731,40.739,40.735,-73.745,-73.734,-73.73949999999999,"40.731,40.739,-73.745,-73.734",819.4000000000016
615,40.731,40.739,40.735,-73.756,-73.745,-73.7505,"40.731,40.739,-73.756,-73.745",369.20000000000005
616,40.731,40.739,40.735,-73.767,-73.756,-73.7615,"40.731,40.739,-73.767,-73.756",320.09999999999997
617,40.731,40.739,40.735,-73.778,-73.767,-73.77250000000001,"40.731,40.739,-73.778,-73.767",383.2000000000001
618,40.731,40.739,40.735,-73.789,-73.778,-73.7835,"40.731,40.739,-73.789,-73.778",515.7000000000003
619,40.731,40.739,40.735,-73.8,-73.789,-73.7945,"40.731,40.739,-73.8,-73.789",549.6000000000003
620,40.731,40.739,40.735,-73.811,-73.8,-73.8055,"40.731,40.739,-73.811,-73.8",1759.0999999999954
621,40.731,40.739,40.735,-73.823,-73.811,-73.81700000000001,"40.731,40.739,-73.823,-73.811",1144.4000000000003
622,40.731,40.739,40.735,-73.834,-73.823,-73.82849999999999,"40.731,40.739,-73.834,-73.823",283.1
623,40.731,40.739,40.735,-73.845,-73.834,-73.8395,"40.731,40.739,-73.845,-73.834",85.5
624,40.731,40.739,40.735,-73.856,-73.845,-73.8505,"40.731,40.739,-73.856,-73.845",1839.0999999999954
625,40.731,40.739,40.735,-73.867,-73.856,-73.8615,"40.731,40.739,-73.867,-73.856",4426.79999999999
626,40.731,40.739,40.735,-73.878,-73.867,-73.8725,"40.731,40.739,-73.878,-73.867",5331.100000000005
627,40.731,40.739,40.735,-73.889,-73.878,-73.8835,"40.731,40.739,-73.889,-73.878",1439.8999999999996
628,40.731,40.739,40.735,-73.9,-73.889,-73.8945,"40.731,40.739,-73.9,-73.889",1153.400000000001
629,40.731,40.739,40.735,-73.911,-73.9,-73.9055,"40.731,40.739,-73.911,-73.9",521.6000000000005
630,40.731,40.739,40.735,-73.922,-73.911,-73.9165,"40.731,40.739,-73.922,-73.911",773.6000000000008
631,40.731,40.739,40.735,-73.933,-73.922,-73.92750000000001,"40.731,40.739,-73.933,-73.922",473.90000000000026
632,40.731,40.739,40.735,-73.945,-73.933,-73.939,"40.731,40.739,-73.945,-73.933",653.9000000000003
633,40.731,40.739,40.735,-73.956,-73.945,-73.9505,"40.731,40.739,-73.956,-73.945",1407.6
634,40.731,40.739,40.735,-73.967,-73.956,-73.9615,"40.731,40.739,-73.967,-73.956",963.5000000000011
635,40.731,40.739,40.735,-73.978,-73.967,-73.9725,"40.731,40.739,-73.978,-73.967",1078.7000000000005
636,40.731,40.739,40.735,-73.989,-73.978,-73.98349999999999,"40.731,40.739,-73.989,-73.978",9739.30000000009
637,40.731,40.739,40.735,-74.0,-73.989,-73.9945,"40.731,40.739,-74.0,-73.989",16092.700000000123
638,40.731,40.739,40.735,-74.011,-74.0,-74.0055,"40.731,40.739,-74.011,-74.0",8904.200000000055
639,40.739,40.747,40.742999999999995,-73.712,-73.701,-73.7065,"40.739,40.747,-73.712,-73.701",323.6
640,40.739,40.747,40.742999999999995,-73.723,-73.712,-73.7175,"40.739,40.747,-73.723,-73.712",564.5000000000002
641,40.739,40.747,40.742999999999995,-73.734,-73.723,-73.7285,"40.739,40.747,-73.734,-73.723",444.30000000000007
642,40.739,40.747,40.742999999999995,-73.745,-73.734,-73.73949999999999,"40.739,40.747,-73.745,-73.734",59.50000000000001
643,40.739,40.747,40.742999999999995,-73.756,-73.745,-73.7505,"40.739,40.747,-73.756,-73.745",503.3000000000002
644,40.739,40.747,40.742999999999995,-73.767,-73.756,-73.7615,"40.739,40.747,-73.767,-73.756",587.8000000000004
645,40.739,40.747,40.742999999999995,-73.778,-73.767,-73.77250000000001,"40.739,40.747,-73.778,-73.767",247.79999999999995
646,40.739,40.747,40.742999999999995,-73.789,-73.778,-73.7835,"40.739,40.747,-73.789,-73.778",898.1000000000005
647,40.739,40.747,40.742999999999995,-73.8,-73.789,-73.7945,"40.739,40.747,-73.8,-73.789",410.7000000000001
648,40.739,40.747,40.742999999999995,-73.811,-73.8,-73.8055,"40.739,40.747,-73.811,-73.8",378.60000000000014
649,40.739,40.747,40.742999999999995,-73.823,-73.811,-73.81700000000001,"40.739,40.747,-73.823,-73.811",800.8000000000004
650,40.739,40.747,40.742999999999995,-73.834,-73.823,-73.82849999999999,"40.739,40.747,-73.834,-73.823",1163.3000000000002
651,40.739,40.747,40.742999999999995,-73.845,-73.834,-73.8395,"40.739,40.747,-73.845,-73.834",180.7
652,40.739,40.747,40.742999999999995,-73.856,-73.845,-73.8505,"40.739,40.747,-73.856,-73.845",1595.6999999999987
653,40.739,40.747,40.742999999999995,-73.867,-73.856,-73.8615,"40.739,40.747,-73.867,-73.856",3087.499999999991
654,40.739,40.747,40.742999999999995,-73.878,-73.867,-73.8725,"40.739,40.747,-73.878,-73.867",3593.6999999999884
655,40.739,40.747,40.742999999999995,-73.889,-73.878,-73.8835,"40.739,40.747,-73.889,-73.878",3963.3999999999887
656,40.739,40.747,40.742999999999995,-73.9,-73.889,-73.8945,"40.739,40.747,-73.9,-73.889",3959.2999999999856
657,40.739,40.747,40.742999999999995,-73.911,-73.9,-73.9055,"40.739,40.747,-73.911,-73.9",2616.6999999999925
658,40.739,40.747,40.742999999999995,-73.922,-73.911,-73.9165,"40.739,40.747,-73.922,-73.911",3587.6999999999825
659,40.739,40.747,40.742999999999995,-73.933,-73.922,-73.92750000000001,"40.739,40.747,-73.933,-73.922",2298.099999999992
660,40.739,40.747,40.742999999999995,-73.945,-73.933,-73.939,"40.739,40.747,-73.945,-73.933",904.100000000001
661,40.739,40.747,40.742999999999995,-73.956,-73.945,-73.9505,"40.739,40.747,-73.956,-73.945",1721.0999999999954
662,40.739,40.747,40.742999999999995,-73.967,-73.956,-73.9615,"40.739,40.747,-73.967,-73.956",648.1000000000007
663,40.739,40.747,40.742999999999995,-73.978,-73.967,-73.9725,"40.739,40.747,-73.978,-73.967",3801.1999999999866
664,40.739,40.747,40.742999999999995,-73.989,-73.978,-73.98349999999999,"40.739,40.747,-73.989,-73.978",11608.500000000107
665,40.739,40.747,40.742999999999995,-74.0,-73.989,-73.9945,"40.739,40.747,-74.0,-73.989",13434.800000000121
666,40.739,40.747,40.742999999999995,-74.011,-74.0,-74.0055,"40.739,40.747,-74.011,-74.0",10664.40000000007
667,40.747,40.755,40.751000000000005,-73.712,-73.701,-73.7065,"40.747,40.755,-73.712,-73.701",374.9000000000003
668,40.747,40.755,40.751000000000005,-73.723,-73.712,-73.7175,"40.747,40.755,-73.723,-73.712",562.1000000000005
669,40.747,40.755,40.751000000000005,-73.734,-73.723,-73.7285,"40.747,40.755,-73.734,-73.723",288.19999999999993
670,40.747,40.755,40.751000000000005,-73.745,-73.734,-73.73949999999999,"40.747,40.755,-73.745,-73.734",281.9
671,40.747,40.755,40.751000000000005,-73.756,-73.745,-73.7505,"40.747,40.755,-73.756,-73.745",565.5000000000002
672,40.747,40.755,40.751000000000005,-73.767,-73.756,-73.7615,"40.747,40.755,-73.767,-73.756",641.0000000000005
673,40.747,40.755,40.751000000000005,-73.778,-73.767,-73.77250000000001,"40.747,40.755,-73.778,-73.767",552.7000000000004
674,40.747,40.755,40.751000000000005,-73.789,-73.778,-73.7835,"40.747,40.755,-73.789,-73.778",733.8000000000004
675,40.747,40.755,40.751000000000005,-73.8,-73.789,-73.7945,"40.747,40.755,-73.8,-73.789",444.70000000000016
676,40.747,40.755,40.751000000000005,-73.811,-73.8,-73.8055,"40.747,40.755,-73.811,-73.8",534.0000000000005
677,40.747,40.755,40.751000000000005,-73.823,-73.811,-73.81700000000001,"40.747,40.755,-73.823,-73.811",1715.9999999999973
678,40.747,40.755,40.751000000000005,-73.834,-73.823,-73.82849999999999,"40.747,40.755,-73.834,-73.823",2533.299999999994
679,40.747,40.755,40.751000000000005,-73.845,-73.834,-73.8395,"40.747,40.755,-73.845,-73.834",1055.0000000000005
680,40.747,40.755,40.751000000000005,-73.856,-73.845,-73.8505,"40.747,40.755,-73.856,-73.845",1435.499999999999
681,40.747,40.755,40.751000000000005,-73.867,-73.856,-73.8615,"40.747,40.755,-73.867,-73.856",6534.400000000035
682,40.747,40.755,40.751000000000005,-73.878,-73.867,-73.8725,"40.747,40.755,-73.878,-73.867",7599.700000000043
683,40.747,40.755,40.751000000000005,-73.889,-73.878,-73.8835,"40.747,40.755,-73.889,-73.878",7222.800000000045
684,40.747,40.755,40.751000000000005,-73.9,-73.889,-73.8945,"40.747,40.755,-73.9,-73.889",3636.3999999999864
685,40.747,40.755,40.751000000000005,-73.911,-73.9,-73.9055,"40.747,40.755,-73.911,-73.9",2664.399999999991
686,40.747,40.755,40.751000000000005,-73.922,-73.911,-73.9165,"40.747,40.755,-73.922,-73.911",1919.9999999999964
687,40.747,40.755,40.751000000000005,-73.933,-73.922,-73.92750000000001,"40.747,40.755,-73.933,-73.922",1483.499999999999
688,40.747,40.755,40.751000000000005,-73.945,-73.933,-73.939,"40.747,40.755,-73.945,-73.933",2489.6999999999925
689,40.747,40.755,40.751000000000005,-73.956,-73.945,-73.9505,"40.747,40.755,-73.956,-73.945",1894.4999999999952
690,40.747,40.755,40.751000000000005,-73.967,-73.956,-73.9615,"40.747,40.755,-73.967,-73.956",302.0
691,40.747,40.755,40.751000000000005,-73.978,-73.967,-73.9725,"40.747,40.755,-73.978,-73.967",6671.200000000037
692,40.747,40.755,40.751000000000005,-73.989,-73.978,-73.98349999999999,"40.747,40.755,-73.989,-73.978",14621.700000000104
693,40.747,40.755,40.751000000000005,-74.0,-73.989,-73.9945,"40.747,40.755,-74.0,-73.989",21276.999999999985
694,40.747,40.755,40.751000000000005,-74.011,-74.0,-74.0055,"40.747,40.755,-74.011,-74.0",3369.5999999999913
695,40.755,40.764,40.7595,-73.723,-73.712,-73.7175,"40.755,40.764,-73.723,-73.712",298.3999999999999
696,40.755,40.764,40.7595,-73.734,-73.723,-73.7285,"40.755,40.764,-73.734,-73.723",526.5000000000003
697,40.755,40.764,40.7595,-73.745,-73.734,-73.73949999999999,"40.755,40.764,-73.745,-73.734",523.7000000000003
698,40.755,40.764,40.7595,-73.756,-73.745,-73.7505,"40.755,40.764,-73.756,-73.745",72.0
699,40.755,40.764,40.7595,-73.767,-73.756,-73.7615,"40.755,40.764,-73.767,-73.756",685.8000000000004
700,40.755,40.764,40.7595,-73.778,-73.767,-73.77250000000001,"40.755,40.764,-73.778,-73.767",1814.699999999998
701,40.755,40.764,40.7595,-73.789,-73.778,-73.7835,"40.755,40.764,-73.789,-73.778",779.7000000000005
702,40.755,40.764,40.7595,-73.8,-73.789,-73.7945,"40.755,40.764,-73.8,-73.789",896.0000000000011
703,40.755,40.764,40.7595,-73.811,-73.8,-73.8055,"40.755,40.764,-73.811,-73.8",1481.7999999999993
704,40.755,40.764,40.7595,-73.823,-73.811,-73.81700000000001,"40.755,40.764,-73.823,-73.811",2051.499999999995
705,40.755,40.764,40.7595,-73.834,-73.823,-73.82849999999999,"40.755,40.764,-73.834,-73.823",7214.7000000000535
706,40.755,40.764,40.7595,-73.845,-73.834,-73.8395,"40.755,40.764,-73.845,-73.834",1631.4999999999984
707,40.755,40.764,40.7595,-73.856,-73.845,-73.8505,"40.755,40.764,-73.856,-73.845",277.80000000000007
708,40.755,40.764,40.7595,-73.867,-73.856,-73.8615,"40.755,40.764,-73.867,-73.856",2816.3999999999937
709,40.755,40.764,40.7595,-73.878,-73.867,-73.8725,"40.755,40.764,-73.878,-73.867",4622.999999999998
710,40.755,40.764,40.7595,-73.889,-73.878,-73.8835,"40.755,40.764,-73.889,-73.878",3531.099999999992
711,40.755,40.764,40.7595,-73.9,-73.889,-73.8945,"40.755,40.764,-73.9,-73.889",1776.299999999998
712,40.755,40.764,40.7595,-73.911,-73.9,-73.9055,"40.755,40.764,-73.911,-73.9",1967.9999999999932
713,40.755,40.764,40.7595,-73.922,-73.911,-73.9165,"40.755,40.764,-73.922,-73.911",4396.199999999984
714,40.755,40.764,40.7595,-73.933,-73.922,-73.92750000000001,"40.755,40.764,-73.933,-73.922",3292.3999999999874
715,40.755,40.764,40.7595,-73.945,-73.933,-73.939,"40.755,40.764,-73.945,-73.933",3085.6999999999853
716,40.755,40.764,40.7595,-73.956,-73.945,-73.9505,"40.755,40.764,-73.956,-73.945",1370.5
717,40.755,40.764,40.7595,-73.967,-73.956,-73.9615,"40.755,40.764,-73.967,-73.956",5773.000000000007
718,40.755,40.764,40.7595,-73.978,-73.967,-73.9725,"40.755,40.764,-73.978,-73.967",12642.9000000001
719,40.755,40.764,40.7595,-73.989,-73.978,-73.98349999999999,"40.755,40.764,-73.989,-73.978",20908.699999999968
720,40.755,40.764,40.7595,-74.0,-73.989,-73.9945,"40.755,40.764,-74.0,-73.989",13379.500000000144
721,40.755,40.764,40.7595,-74.011,-74.0,-74.0055,"40.755,40.764,-74.011,-74.0",559.8000000000002
722,40.764,40.772,40.768,-73.723,-73.712,-73.7175,"40.764,40.772,-73.723,-73.712",5.0
723,40.764,40.772,40.768,-73.734,-73.723,-73.7285,"40.764,40.772,-73.734,-73.723",194.5
724,40.764,40.772,40.768,-73.745,-73.734,-73.73949999999999,"40.764,40.772,-73.745,-73.734",426.40000000000043
725,40.764,40.772,40.768,-73.756,-73.745,-73.7505,"40.764,40.772,-73.756,-73.745",165.29999999999998
726,40.764,40.772,40.768,-73.767,-73.756,-73.7615,"40.764,40.772,-73.767,-73.756",228.49999999999997
727,40.764,40.772,40.768,-73.778,-73.767,-73.77250000000001,"40.764,40.772,-73.778,-73.767",937.9000000000009
728,40.764,40.772,40.768,-73.789,-73.778,-73.7835,"40.764,40.772,-73.789,-73.778",607.6000000000006
729,40.764,40.772,40.768,-73.8,-73.789,-73.7945,"40.764,40.772,-73.8,-73.789",578.4000000000003
730,40.764,40.772,40.768,-73.811,-73.8,-73.8055,"40.764,40.772,-73.811,-73.8",566.7000000000003
731,40.764,40.772,40.768,-73.823,-73.811,-73.81700000000001,"40.764,40.772,-73.823,-73.811",1414.0
732,40.764,40.772,40.768,-73.834,-73.823,-73.82849999999999,"40.764,40.772,-73.834,-73.823",2314.2999999999934
733,40.764,40.772,40.768,-73.845,-73.834,-73.8395,"40.764,40.772,-73.845,-73.834",616.8000000000002
734,40.764,40.772,40.768,-73.856,-73.845,-73.8505,"40.764,40.772,-73.856,-73.845",48.1
735,40.764,40.772,40.768,-73.867,-73.856,-73.8615,"40.764,40.772,-73.867,-73.856",301.20000000000005
736,40.764,40.772,40.768,-73.878,-73.867,-73.8725,"40.764,40.772,-73.878,-73.867",1801.199999999996
737,40.764,40.772,40.768,-73.889,-73.878,-73.8835,"40.764,40.772,-73.889,-73.878",902.9000000000008
738,40.764,40.772,40.768,-73.9,-73.889,-73.8945,"40.764,40.772,-73.9,-73.889",1051.9000000000012
739,40.764,40.772,40.768,-73.911,-73.9,-73.9055,"40.764,40.772,-73.911,-73.9",1854.5999999999967
740,40.764,40.772,40.768,-73.922,-73.911,-73.9165,"40.764,40.772,-73.922,-73.911",4339.799999999987
741,40.764,40.772,40.768,-73.933,-73.922,-73.92750000000001,"40.764,40.772,-73.933,-73.922",2977.099999999989
742,40.764,40.772,40.768,-73.945,-73.933,-73.939,"40.764,40.772,-73.945,-73.933",854.4000000000011
743,40.764,40.772,40.768,-73.956,-73.945,-73.9505,"40.764,40.772,-73.956,-73.945",2526.1999999999953
744,40.764,40.772,40.768,-73.967,-73.956,-73.9615,"40.764,40.772,-73.967,-73.956",5542.800000000001
745,40.764,40.772,40.768,-73.978,-73.967,-73.9725,"40.764,40.772,-73.978,-73.967",4682.299999999996
746,40.764,40.772,40.768,-73.989,-73.978,-73.98349999999999,"40.764,40.772,-73.989,-73.978",9932.300000000112
747,40.764,40.772,40.768,-74.0,-73.989,-73.9945,"40.764,40.772,-74.0,-73.989",3969.399999999981
748,40.772,40.78,40.775999999999996,-73.745,-73.734,-73.73949999999999,"40.772,40.78,-73.745,-73.734",176.69999999999993
749,40.772,40.78,40.775999999999996,-73.756,-73.745,-73.7505,"40.772,40.78,-73.756,-73.745",105.09999999999997
750,40.772,40.78,40.775999999999996,-73.778,-73.767,-73.77250000000001,"40.772,40.78,-73.778,-73.767",403.5000000000001
751,40.772,40.78,40.775999999999996,-73.789,-73.778,-73.7835,"40.772,40.78,-73.789,-73.778",412.10000000000025
752,40.772,40.78,40.775999999999996,-73.8,-73.789,-73.7945,"40.772,40.78,-73.8,-73.789",564.5000000000008
753,40.772,40.78,40.775999999999996,-73.811,-73.8,-73.8055,"40.772,40.78,-73.811,-73.8",439.0000000000001
754,40.772,40.78,40.775999999999996,-73.823,-73.811,-73.81700000000001,"40.772,40.78,-73.823,-73.811",537.5000000000006
755,40.772,40.78,40.775999999999996,-73.834,-73.823,-73.82849999999999,"40.772,40.78,-73.834,-73.823",532.0000000000003
756,40.772,40.78,40.775999999999996,-73.845,-73.834,-73.8395,"40.772,40.78,-73.845,-73.834",299.3999999999999
757,40.772,40.78,40.775999999999996,-73.856,-73.845,-73.8505,"40.772,40.78,-73.856,-73.845",388.3000000000002
758,40.772,40.78,40.775999999999996,-73.878,-73.867,-73.8725,"40.772,40.78,-73.878,-73.867",148.0
759,40.772,40.78,40.775999999999996,-73.9,-73.889,-73.8945,"40.772,40.78,-73.9,-73.889",359.2
760,40.772,40.78,40.775999999999996,-73.911,-73.9,-73.9055,"40.772,40.78,-73.911,-73.9",1798.999999999994
761,40.772,40.78,40.775999999999996,-73.922,-73.911,-73.9165,"40.772,40.78,-73.922,-73.911",2128.6999999999953
762,40.772,40.78,40.775999999999996,-73.933,-73.922,-73.92750000000001,"40.772,40.78,-73.933,-73.922",1781.8999999999965
763,40.772,40.78,40.775999999999996,-73.945,-73.933,-73.939,"40.772,40.78,-73.945,-73.933",1187.0000000000007
764,40.772,40.78,40.775999999999996,-73.956,-73.945,-73.9505,"40.772,40.78,-73.956,-73.945",7608.400000000031
765,40.772,40.78,40.775999999999996,-73.967,-73.956,-73.9615,"40.772,40.78,-73.967,-73.956",4224.4999999999945
766,40.772,40.78,40.775999999999996,-73.978,-73.967,-73.9725,"40.772,40.78,-73.978,-73.967",1017.6000000000012
767,40.772,40.78,40.775999999999996,-73.989,-73.978,-73.98349999999999,"40.772,40.78,-73.989,-73.978",6998.200000000068
768,40.772,40.78,40.775999999999996,-74.0,-73.989,-73.9945,"40.772,40.78,-74.0,-73.989",180.39999999999992
769,40.78,40.789,40.7845,-73.756,-73.745,-73.7505,"40.78,40.789,-73.756,-73.745",5.0
770,40.78,40.789,40.7845,-73.778,-73.767,-73.77250000000001,"40.78,40.789,-73.778,-73.767",333.4
771,40.78,40.789,40.7845,-73.789,-73.778,-73.7835,"40.78,40.789,-73.789,-73.778",372.5
772,40.78,40.789,40.7845,-73.8,-73.789,-73.7945,"40.78,40.789,-73.8,-73.789",340.70000000000005
773,40.78,40.789,40.7845,-73.811,-73.8,-73.8055,"40.78,40.789,-73.811,-73.8",539.1000000000006
774,40.78,40.789,40.7845,-73.823,-73.811,-73.81700000000001,"40.78,40.789,-73.823,-73.811",586.3000000000006
775,40.78,40.789,40.7845,-73.834,-73.823,-73.82849999999999,"40.78,40.789,-73.834,-73.823",511.5000000000001
776,40.78,40.789,40.7845,-73.845,-73.834,-73.8395,"40.78,40.789,-73.845,-73.834",1358.9999999999995
777,40.78,40.789,40.7845,-73.856,-73.845,-73.8505,"40.78,40.789,-73.856,-73.845",857.9000000000015
778,40.78,40.789,40.7845,-73.867,-73.856,-73.8615,"40.78,40.789,-73.867,-73.856",28.5
779,40.78,40.789,40.7845,-73.911,-73.9,-73.9055,"40.78,40.789,-73.911,-73.9",192.09999999999997
780,40.78,40.789,40.7845,-73.922,-73.911,-73.9165,"40.78,40.789,-73.922,-73.911",806.5000000000011
781,40.78,40.789,40.7845,-73.933,-73.922,-73.92750000000001,"40.78,40.789,-73.933,-73.922",1499.1999999999994
782,40.78,40.789,40.7845,-73.945,-73.933,-73.939,"40.78,40.789,-73.945,-73.933",2831.499999999991
783,40.78,40.789,40.7845,-73.956,-73.945,-73.9505,"40.78,40.789,-73.956,-73.945",6924.700000000043
784,40.78,40.789,40.7845,-73.967,-73.956,-73.9615,"40.78,40.789,-73.967,-73.956",1280.8999999999996
785,40.78,40.789,40.7845,-73.978,-73.967,-73.9725,"40.78,40.789,-73.978,-73.967",4306.49999999999
786,40.78,40.789,40.7845,-73.989,-73.978,-73.98349999999999,"40.78,40.789,-73.989,-73.978",3236.8999999999896
787,40.789,40.797,40.793,-73.778,-73.767,-73.77250000000001,"40.789,40.797,-73.778,-73.767",12.0
788,40.789,40.797,40.793,-73.789,-73.778,-73.7835,"40.789,40.797,-73.789,-73.778",40.800000000000004
789,40.789,40.797,40.793,-73.8,-73.789,-73.7945,"40.789,40.797,-73.8,-73.789",237.19999999999993
790,40.789,40.797,40.793,-73.811,-73.8,-73.8055,"40.789,40.797,-73.811,-73.8",287.29999999999984
791,40.789,40.797,40.793,-73.823,-73.811,-73.81700000000001,"40.789,40.797,-73.823,-73.811",492.5000000000003
792,40.789,40.797,40.793,-73.834,-73.823,-73.82849999999999,"40.789,40.797,-73.834,-73.823",111.59999999999994
793,40.789,40.797,40.793,-73.845,-73.834,-73.8395,"40.789,40.797,-73.845,-73.834",354.0
794,40.789,40.797,40.793,-73.856,-73.845,-73.8505,"40.789,40.797,-73.856,-73.845",431.30000000000035
795,40.789,40.797,40.793,-73.889,-73.878,-73.8835,"40.789,40.797,-73.889,-73.878",10473.800000000003
796,40.789,40.797,40.793,-73.922,-73.911,-73.9165,"40.789,40.797,-73.922,-73.911",45.2
797,40.789,40.797,40.793,-73.933,-73.922,-73.92750000000001,"40.789,40.797,-73.933,-73.922",1069.3000000000002
798,40.789,40.797,40.793,-73.945,-73.933,-73.939,"40.789,40.797,-73.945,-73.933",9948.300000000147
799,40.789,40.797,40.793,-73.956,-73.945,-73.9505,"40.789,40.797,-73.956,-73.945",8236.400000000083
800,40.789,40.797,40.793,-73.967,-73.956,-73.9615,"40.789,40.797,-73.967,-73.956",2743.9999999999895
801,40.789,40.797,40.793,-73.978,-73.967,-73.9725,"40.789,40.797,-73.978,-73.967",7750.800000000077
802,40.789,40.797,40.793,-73.989,-73.978,-73.98349999999999,"40.789,40.797,-73.989,-73.978",504.50000000000034
803,40.797,40.805,40.801,-73.823,-73.811,-73.81700000000001,"40.797,40.805,-73.823,-73.811",68.0
804,40.797,40.805,40.801,-73.834,-73.823,-73.82849999999999,"40.797,40.805,-73.834,-73.823",17.1
805,40.797,40.805,40.801,-73.856,-73.845,-73.8505,"40.797,40.805,-73.856,-73.845",4.0
806,40.797,40.805,40.801,-73.878,-73.867,-73.8725,"40.797,40.805,-73.878,-73.867",107.8
807,40.797,40.805,40.801,-73.889,-73.878,-73.8835,"40.797,40.805,-73.889,-73.878",241.1
808,40.797,40.805,40.801,-73.911,-73.9,-73.9055,"40.797,40.805,-73.911,-73.9",297.80000000000007
809,40.797,40.805,40.801,-73.922,-73.911,-73.9165,"40.797,40.805,-73.922,-73.911",1162.4
810,40.797,40.805,40.801,-73.933,-73.922,-73.92750000000001,"40.797,40.805,-73.933,-73.922",2067.5999999999945
811,40.797,40.805,40.801,-73.945,-73.933,-73.939,"40.797,40.805,-73.945,-73.933",16302.600000000219
812,40.797,40.805,40.801,-73.956,-73.945,-73.9505,"40.797,40.805,-73.956,-73.945",11266.900000000169
813,40.797,40.805,40.801,-73.967,-73.956,-73.9615,"40.797,40.805,-73.967,-73.956",5872.700000000019
814,40.797,40.805,40.801,-73.978,-73.967,-73.9725,"40.797,40.805,-73.978,-73.967",4046.19999999998
815,40.805,40.813,40.809,-73.811,-73.8,-73.8055,"40.805,40.813,-73.811,-73.8",76.0
816,40.805,40.813,40.809,-73.834,-73.823,-73.82849999999999,"40.805,40.813,-73.834,-73.823",62.7
817,40.805,40.813,40.809,-73.856,-73.845,-73.8505,"40.805,40.813,-73.856,-73.845",695.5000000000007
818,40.805,40.813,40.809,-73.867,-73.856,-73.8615,"40.805,40.813,-73.867,-73.856",468.80000000000064
819,40.805,40.813,40.809,-73.878,-73.867,-73.8725,"40.805,40.813,-73.878,-73.867",5.0
820,40.805,40.813,40.809,-73.889,-73.878,-73.8835,"40.805,40.813,-73.889,-73.878",1438.8999999999992
821,40.805,40.813,40.809,-73.9,-73.889,-73.8945,"40.805,40.813,-73.9,-73.889",536.3000000000002
822,40.805,40.813,40.809,-73.911,-73.9,-73.9055,"40.805,40.813,-73.911,-73.9",4334.69999999999
823,40.805,40.813,40.809,-73.922,-73.911,-73.9165,"40.805,40.813,-73.922,-73.911",10858.200000000155
824,40.805,40.813,40.809,-73.933,-73.922,-73.92750000000001,"40.805,40.813,-73.933,-73.922",7165.500000000064
825,40.805,40.813,40.809,-73.945,-73.933,-73.939,"40.805,40.813,-73.945,-73.933",9942.300000000107
826,40.805,40.813,40.809,-73.956,-73.945,-73.9505,"40.805,40.813,-73.956,-73.945",13304.400000000194
827,40.805,40.813,40.809,-73.967,-73.956,-73.9615,"40.805,40.813,-73.967,-73.956",4263.599999999984
828,40.805,40.813,40.809,-73.978,-73.967,-73.9725,"40.805,40.813,-73.978,-73.967",140.99999999999991
829,40.813,40.822,40.8175,-73.8,-73.789,-73.7945,"40.813,40.822,-73.8,-73.789",0.1
830,40.813,40.822,40.8175,-73.811,-73.8,-73.8055,"40.813,40.822,-73.811,-73.8",373.8
831,40.813,40.822,40.8175,-73.823,-73.811,-73.81700000000001,"40.813,40.822,-73.823,-73.811",988.6000000000022
832,40.813,40.822,40.8175,-73.834,-73.823,-73.82849999999999,"40.813,40.822,-73.834,-73.823",975.3000000000018
833,40.813,40.822,40.8175,-73.845,-73.834,-73.8395,"40.813,40.822,-73.845,-73.834",346.7
834,40.813,40.822,40.8175,-73.856,-73.845,-73.8505,"40.813,40.822,-73.856,-73.845",3483.3999999999846
835,40.813,40.822,40.8175,-73.867,-73.856,-73.8615,"40.813,40.822,-73.867,-73.856",3387.599999999981
836,40.813,40.822,40.8175,-73.878,-73.867,-73.8725,"40.813,40.822,-73.878,-73.867",1963.2999999999943
837,40.813,40.822,40.8175,-73.889,-73.878,-73.8835,"40.813,40.822,-73.889,-73.878",4140.299999999986
838,40.813,40.822,40.8175,-73.9,-73.889,-73.8945,"40.813,40.822,-73.9,-73.889",8425.4000000001
839,40.813,40.822,40.8175,-73.911,-73.9,-73.9055,"40.813,40.822,-73.911,-73.9",9604.00000000012
840,40.813,40.822,40.8175,-73.922,-73.911,-73.9165,"40.813,40.822,-73.922,-73.911",14050.400000000152
841,40.813,40.822,40.8175,-73.933,-73.922,-73.92750000000001,"40.813,40.822,-73.933,-73.922",4453.0999999999885
842,40.813,40.822,40.8175,-73.945,-73.933,-73.939,"40.813,40.822,-73.945,-73.933",9838.000000000126
843,40.813,40.822,40.8175,-73.956,-73.945,-73.9505,"40.813,40.822,-73.956,-73.945",7471.10000000008
844,40.813,40.822,40.8175,-73.967,-73.956,-73.9615,"40.813,40.822,-73.967,-73.956",3497.9999999999836
845,40.822,40.83,40.826,-73.811,-73.8,-73.8055,"40.822,40.83,-73.811,-73.8",81.0
846,40.822,40.83,40.826,-73.823,-73.811,-73.81700000000001,"40.822,40.83,-73.823,-73.811",1040.6000000000017
847,40.822,40.83,40.826,-73.834,-73.823,-73.82849999999999,"40.822,40.83,-73.834,-73.823",1186.100000000001
848,40.822,40.83,40.826,-73.845,-73.834,-73.8395,"40.822,40.83,-73.845,-73.834",680.5000000000002
849,40.822,40.83,40.826,-73.856,-73.845,-73.8505,"40.822,40.83,-73.856,-73.845",2374.599999999993
850,40.822,40.83,40.826,-73.867,-73.856,-73.8615,"40.822,40.83,-73.867,-73.856",4713.899999999996
851,40.822,40.83,40.826,-73.878,-73.867,-73.8725,"40.822,40.83,-73.878,-73.867",7384.600000000062
852,40.822,40.83,40.826,-73.889,-73.878,-73.8835,"40.822,40.83,-73.889,-73.878",6313.600000000031
853,40.822,40.83,40.826,-73.9,-73.889,-73.8945,"40.822,40.83,-73.9,-73.889",10534.500000000158
854,40.822,40.83,40.826,-73.911,-73.9,-73.9055,"40.822,40.83,-73.911,-73.9",7226.100000000086
855,40.822,40.83,40.826,-73.922,-73.911,-73.9165,"40.822,40.83,-73.922,-73.911",9146.500000000115
856,40.822,40.83,40.826,-73.933,-73.922,-73.92750000000001,"40.822,40.83,-73.933,-73.922",4650.299999999995
857,40.822,40.83,40.826,-73.945,-73.933,-73.939,"40.822,40.83,-73.945,-73.933",9881.000000000146
858,40.822,40.83,40.826,-73.956,-73.945,-73.9505,"40.822,40.83,-73.956,-73.945",9485.700000000128
859,40.822,40.83,40.826,-73.967,-73.956,-73.9615,"40.822,40.83,-73.967,-73.956",242.59999999999997
860,40.83,40.838,40.834,-73.789,-73.778,-73.7835,"40.83,40.838,-73.789,-73.778",23.0
861,40.83,40.838,40.834,-73.823,-73.811,-73.81700000000001,"40.83,40.838,-73.823,-73.811",478.90000000000066
862,40.83,40.838,40.834,-73.834,-73.823,-73.82849999999999,"40.83,40.838,-73.834,-73.823",1498.9999999999968
863,40.83,40.838,40.834,-73.845,-73.834,-73.8395,"40.83,40.838,-73.845,-73.834",586.3000000000003
864,40.83,40.838,40.834,-73.856,-73.845,-73.8505,"40.83,40.838,-73.856,-73.845",4020.8999999999824
865,40.83,40.838,40.834,-73.867,-73.856,-73.8615,"40.83,40.838,-73.867,-73.856",5988.900000000018
866,40.83,40.838,40.834,-73.878,-73.867,-73.8725,"40.83,40.838,-73.878,-73.867",5760.60000000003
867,40.83,40.838,40.834,-73.889,-73.878,-73.8835,"40.83,40.838,-73.889,-73.878",4723.499999999991
868,40.83,40.838,40.834,-73.9,-73.889,-73.8945,"40.83,40.838,-73.9,-73.889",4660.999999999994
869,40.83,40.838,40.834,-73.911,-73.9,-73.9055,"40.83,40.838,-73.911,-73.9",10452.300000000138
870,40.83,40.838,40.834,-73.922,-73.911,-73.9165,"40.83,40.838,-73.922,-73.911",12054.400000000163
871,40.83,40.838,40.834,-73.933,-73.922,-73.92750000000001,"40.83,40.838,-73.933,-73.922",6004.900000000029
872,40.83,40.838,40.834,-73.945,-73.933,-73.939,"40.83,40.838,-73.945,-73.933",7184.600000000061
873,40.83,40.838,40.834,-73.956,-73.945,-73.9505,"40.83,40.838,-73.956,-73.945",2731.599999999991
874,40.838,40.846,40.842,-73.789,-73.778,-73.7835,"40.838,40.846,-73.789,-73.778",284.4999999999999
875,40.838,40.846,40.842,-73.8,-73.789,-73.7945,"40.838,40.846,-73.8,-73.789",1.0
876,40.838,40.846,40.842,-73.823,-73.811,-73.81700000000001,"40.838,40.846,-73.823,-73.811",477.7000000000003
877,40.838,40.846,40.842,-73.834,-73.823,-73.82849999999999,"40.838,40.846,-73.834,-73.823",1419.9999999999995
878,40.838,40.846,40.842,-73.845,-73.834,-73.8395,"40.838,40.846,-73.845,-73.834",2199.799999999992
879,40.838,40.846,40.842,-73.856,-73.845,-73.8505,"40.838,40.846,-73.856,-73.845",2691.99999999999
880,40.838,40.846,40.842,-73.867,-73.856,-73.8615,"40.838,40.846,-73.867,-73.856",4057.6999999999825
881,40.838,40.846,40.842,-73.878,-73.867,-73.8725,"40.838,40.846,-73.878,-73.867",3322.399999999987
882,40.838,40.846,40.842,-73.889,-73.878,-73.8835,"40.838,40.846,-73.889,-73.878",8682.500000000071
883,40.838,40.846,40.842,-73.9,-73.889,-73.8945,"40.838,40.846,-73.9,-73.889",4930.200000000002
884,40.838,40.846,40.842,-73.911,-73.9,-73.9055,"40.838,40.846,-73.911,-73.9",6285.700000000041
885,40.838,40.846,40.842,-73.922,-73.911,-73.9165,"40.838,40.846,-73.922,-73.911",10080.60000000009
886,40.838,40.846,40.842,-73.933,-73.922,-73.92750000000001,"40.838,40.846,-73.933,-73.922",3166.89999999999
887,40.838,40.846,40.842,-73.945,-73.933,-73.939,"40.838,40.846,-73.945,-73.933",7395.700000000055
888,40.838,40.846,40.842,-73.956,-73.945,-73.9505,"40.838,40.846,-73.956,-73.945",257.5
889,40.846,40.855,40.8505,-73.789,-73.778,-73.7835,"40.846,40.855,-73.789,-73.778",206.89999999999992
890,40.846,40.855,40.8505,-73.8,-73.789,-73.7945,"40.846,40.855,-73.8,-73.789",87.6
891,40.846,40.855,40.8505,-73.823,-73.811,-73.81700000000001,"40.846,40.855,-73.823,-73.811",104.89999999999995
892,40.846,40.855,40.8505,-73.834,-73.823,-73.82849999999999,"40.846,40.855,-73.834,-73.823",1361.2999999999993
893,40.846,40.855,40.8505,-73.845,-73.834,-73.8395,"40.846,40.855,-73.845,-73.834",537.0000000000003
894,40.846,40.855,40.8505,-73.856,-73.845,-73.8505,"40.846,40.855,-73.856,-73.845",1589.099999999998
895,40.846,40.855,40.8505,-73.867,-73.856,-73.8615,"40.846,40.855,-73.867,-73.856",2742.999999999991
896,40.846,40.855,40.8505,-73.878,-73.867,-73.8725,"40.846,40.855,-73.878,-73.867",1392.4999999999995
897,40.846,40.855,40.8505,-73.889,-73.878,-73.8835,"40.846,40.855,-73.889,-73.878",6306.50000000003
898,40.846,40.855,40.8505,-73.9,-73.889,-73.8945,"40.846,40.855,-73.9,-73.889",7896.600000000079
899,40.846,40.855,40.8505,-73.911,-73.9,-73.9055,"40.846,40.855,-73.911,-73.9",12787.500000000196
900,40.846,40.855,40.8505,-73.922,-73.911,-73.9165,"40.846,40.855,-73.922,-73.911",7587.400000000065
901,40.846,40.855,40.8505,-73.933,-73.922,-73.92750000000001,"40.846,40.855,-73.933,-73.922",5034.800000000006
902,40.846,40.855,40.8505,-73.945,-73.933,-73.939,"40.846,40.855,-73.945,-73.933",6034.100000000027
903,40.855,40.863,40.858999999999995,-73.8,-73.789,-73.7945,"40.855,40.863,-73.8,-73.789",48.1
904,40.855,40.863,40.858999999999995,-73.811,-73.8,-73.8055,"40.855,40.863,-73.811,-73.8",6.0
905,40.855,40.863,40.858999999999995,-73.823,-73.811,-73.81700000000001,"40.855,40.863,-73.823,-73.811",81.80000000000001
906,40.855,40.863,40.858999999999995,-73.834,-73.823,-73.82849999999999,"40.855,40.863,-73.834,-73.823",496.00000000000034
907,40.855,40.863,40.858999999999995,-73.845,-73.834,-73.8395,"40.855,40.863,-73.845,-73.834",1033.300000000001
908,40.855,40.863,40.858999999999995,-73.856,-73.845,-73.8505,"40.855,40.863,-73.856,-73.845",1313.8
909,40.855,40.863,40.858999999999995,-73.867,-73.856,-73.8615,"40.855,40.863,-73.867,-73.856",2858.2999999999897
910,40.855,40.863,40.858999999999995,-73.878,-73.867,-73.8725,"40.855,40.863,-73.878,-73.867",1634.2999999999977
911,40.855,40.863,40.858999999999995,-73.889,-73.878,-73.8835,"40.855,40.863,-73.889,-73.878",3154.999999999992
912,40.855,40.863,40.858999999999995,-73.9,-73.889,-73.8945,"40.855,40.863,-73.9,-73.889",14569.600000000177
913,40.855,40.863,40.858999999999995,-73.911,-73.9,-73.9055,"40.855,40.863,-73.911,-73.9",12111.800000000158
914,40.855,40.863,40.858999999999995,-73.922,-73.911,-73.9165,"40.855,40.863,-73.922,-73.911",2224.1999999999966
915,40.855,40.863,40.858999999999995,-73.933,-73.922,-73.92750000000001,"40.855,40.863,-73.933,-73.922",6008.600000000023
916,40.855,40.863,40.858999999999995,-73.945,-73.933,-73.939,"40.855,40.863,-73.945,-73.933",677.4000000000004
917,40.863,40.871,40.867000000000004,-73.8,-73.789,-73.7945,"40.863,40.871,-73.8,-73.789",1.0
918,40.863,40.871,40.867000000000004,-73.811,-73.8,-73.8055,"40.863,40.871,-73.811,-73.8",162.5
919,40.863,40.871,40.867000000000004,-73.823,-73.811,-73.81700000000001,"40.863,40.871,-73.823,-73.811",1855.299999999997
920,40.863,40.871,40.867000000000004,-73.834,-73.823,-73.82849999999999,"40.863,40.871,-73.834,-73.823",1839.099999999997
921,40.863,40.871,40.867000000000004,-73.845,-73.834,-73.8395,"40.863,40.871,-73.845,-73.834",1678.699999999998
922,40.863,40.871,40.867000000000004,-73.856,-73.845,-73.8505,"40.863,40.871,-73.856,-73.845",2144.6999999999944
923,40.863,40.871,40.867000000000004,-73.867,-73.856,-73.8615,"40.863,40.871,-73.867,-73.856",3633.999999999985
924,40.863,40.871,40.867000000000004,-73.878,-73.867,-73.8725,"40.863,40.871,-73.878,-73.867",2996.8999999999887
925,40.863,40.871,40.867000000000004,-73.889,-73.878,-73.8835,"40.863,40.871,-73.889,-73.878",4371.4999999999945
926,40.863,40.871,40.867000000000004,-73.9,-73.889,-73.8945,"40.863,40.871,-73.9,-73.889",12351.100000000124
927,40.863,40.871,40.867000000000004,-73.911,-73.9,-73.9055,"40.863,40.871,-73.911,-73.9",4556.099999999991
928,40.863,40.871,40.867000000000004,-73.922,-73.911,-73.9165,"40.863,40.871,-73.922,-73.911",4678.499999999997
929,40.863,40.871,40.867000000000004,-73.933,-73.922,-73.92750000000001,"40.863,40.871,-73.933,-73.922",3577.1999999999857
930,40.871,40.88,40.8755,-73.834,-73.823,-73.82849999999999,"40.871,40.88,-73.834,-73.823",1709.1999999999962
931,40.871,40.88,40.8755,-73.845,-73.834,-73.8395,"40.871,40.88,-73.845,-73.834",1918.4999999999955
932,40.871,40.88,40.8755,-73.856,-73.845,-73.8505,"40.871,40.88,-73.856,-73.845",3146.799999999991
933,40.871,40.88,40.8755,-73.867,-73.856,-73.8615,"40.871,40.88,-73.867,-73.856",3912.499999999981
934,40.871,40.88,40.8755,-73.878,-73.867,-73.8725,"40.871,40.88,-73.878,-73.867",4720.000000000001
935,40.871,40.88,40.8755,-73.889,-73.878,-73.8835,"40.871,40.88,-73.889,-73.878",5750.600000000025
936,40.871,40.88,40.8755,-73.9,-73.889,-73.8945,"40.871,40.88,-73.9,-73.889",1314.6000000000004
937,40.871,40.88,40.8755,-73.911,-73.9,-73.9055,"40.871,40.88,-73.911,-73.9",6728.200000000037
938,40.871,40.88,40.8755,-73.922,-73.911,-73.9165,"40.871,40.88,-73.922,-73.911",1177.2999999999997
939,40.871,40.88,40.8755,-73.933,-73.922,-73.92750000000001,"40.871,40.88,-73.933,-73.922",2.0
940,40.88,40.888,40.884,-73.8,-73.789,-73.7945,"40.88,40.888,-73.8,-73.789",16.0
941,40.88,40.888,40.884,-73.823,-73.811,-73.81700000000001,"40.88,40.888,-73.823,-73.811",74.19999999999999
942,40.88,40.888,40.884,-73.834,-73.823,-73.82849999999999,"40.88,40.888,-73.834,-73.823",2152.5999999999945
943,40.88,40.888,40.884,-73.845,-73.834,-73.8395,"40.88,40.888,-73.845,-73.834",1411.4999999999995
944,40.88,40.888,40.884,-73.856,-73.845,-73.8505,"40.88,40.888,-73.856,-73.845",4006.799999999978
945,40.88,40.888,40.884,-73.867,-73.856,-73.8615,"40.88,40.888,-73.867,-73.856",5516.600000000011
946,40.88,40.888,40.884,-73.878,-73.867,-73.8725,"40.88,40.888,-73.878,-73.867",1040.6000000000008
947,40.88,40.888,40.884,-73.889,-73.878,-73.8835,"40.88,40.888,-73.889,-73.878",4266.499999999987
948,40.88,40.888,40.884,-73.9,-73.889,-73.8945,"40.88,40.888,-73.9,-73.889",1801.799999999998
949,40.88,40.888,40.884,-73.911,-73.9,-73.9055,"40.88,40.888,-73.911,-73.9",3830.699999999986
950,40.88,40.888,40.884,-73.922,-73.911,-73.9165,"40.88,40.888,-73.922,-73.911",1036.8000000000009
951,40.888,40.896,40.891999999999996,-73.823,-73.811,-73.81700000000001,"40.888,40.896,-73.823,-73.811",39.7
952,40.888,40.896,40.891999999999996,-73.834,-73.823,-73.82849999999999,"40.888,40.896,-73.834,-73.823",368.3
953,40.888,40.896,40.891999999999996,-73.845,-73.834,-73.8395,"40.888,40.896,-73.845,-73.834",1421.0999999999995
954,40.888,40.896,40.891999999999996,-73.856,-73.845,-73.8505,"40.888,40.896,-73.856,-73.845",2028.6999999999944
955,40.888,40.896,40.891999999999996,-73.867,-73.856,-73.8615,"40.888,40.896,-73.867,-73.856",4199.0999999999885
956,40.888,40.896,40.891999999999996,-73.878,-73.867,-73.8725,"40.888,40.896,-73.878,-73.867",37.1
957,40.888,40.896,40.891999999999996,-73.889,-73.878,-73.8835,"40.888,40.896,-73.889,-73.878",198.2
958,40.888,40.896,40.891999999999996,-73.9,-73.889,-73.8945,"40.888,40.896,-73.9,-73.889",712.6000000000006
959,40.888,40.896,40.891999999999996,-73.911,-73.9,-73.9055,"40.888,40.896,-73.911,-73.9",641.0000000000003
960,40.888,40.896,40.891999999999996,-73.922,-73.911,-73.9165,"40.888,40.896,-73.922,-73.911",345.8000000000002
961,40.896,40.904,40.900000000000006,-73.845,-73.834,-73.8395,"40.896,40.904,-73.845,-73.834",614.9000000000004
962,40.896,40.904,40.900000000000006,-73.856,-73.845,-73.8505,"40.896,40.904,-73.856,-73.845",3166.6999999999925
963,40.896,40.904,40.900000000000006,-73.867,-73.856,-73.8615,"40.896,40.904,-73.867,-73.856",1212.5
964,40.896,40.904,40.900000000000006,-73.878,-73.867,-73.8725,"40.896,40.904,-73.878,-73.867",670.3000000000005
965,40.896,40.904,40.900000000000006,-73.889,-73.878,-73.8835,"40.896,40.904,-73.889,-73.878",14.0
966,40.896,40.904,40.900000000000006,-73.9,-73.889,-73.8945,"40.896,40.904,-73.9,-73.889",406.20000000000005
967,40.896,40.904,40.900000000000006,-73.911,-73.9,-73.9055,"40.896,40.904,-73.911,-73.9",379.40000000000003
968,40.896,40.904,40.900000000000006,-73.922,-73.911,-73.9165,"40.896,40.904,-73.922,-73.911",19.1
969,40.904,40.913,40.908500000000004,-73.856,-73.845,-73.8505,"40.904,40.913,-73.856,-73.845",1020.3000000000005
970,40.904,40.913,40.908500000000004,-73.889,-73.878,-73.8835,"40.904,40.913,-73.889,-73.878",1.0
971,40.904,40.913,40.908500000000004,-73.9,-73.889,-73.8945,"40.904,40.913,-73.9,-73.889",652.2000000000004
972,40.904,40.913,40.908500000000004,-73.911,-73.9,-73.9055,"40.904,40.913,-73.911,-73.9",730.4000000000007
