,lower_latitude,upper_latitude,lower_longitude,upper_longitude,box,crime_score
0,0.0,40.513,-74.218,-74.2,"40.498,40.513,-74.218,-74.2",23.1
1,0.0,40.513,-74.237,-74.218,"40.498,40.513,-74.237,-74.218",226.1999999999999
2,0.0,40.513,-75.256,-74.237,"40.498,40.513,-74.256,-74.237",1039.0000000000027
3,40.513,40.526,-74.181,-74.163,"40.513,40.526,-74.181,-74.163",49.800000000000004
4,40.513,40.526,-74.2,-74.181,"40.513,40.526,-74.2,-74.181",221.59999999999988
5,40.513,40.526,-74.218,-74.2,"40.513,40.526,-74.218,-74.2",697.3000000000008
6,40.513,40.526,-74.237,-74.218,"40.513,40.526,-74.237,-74.218",417.00000000000034
7,40.513,40.526,-75.256,-74.237,"40.513,40.526,-74.256,-74.237",364.50000000000017
8,40.526,40.54,-74.144,-74.126,"40.526,40.54,-74.144,-74.126",13.1
9,40.526,40.54,-74.163,-74.144,"40.526,40.54,-74.163,-74.144",673.400000000001
10,40.526,40.54,-74.181,-74.163,"40.526,40.54,-74.181,-74.163",419.1000000000006
11,40.526,40.54,-74.2,-74.181,"40.526,40.54,-74.2,-74.181",626.5000000000003
12,40.526,40.54,-74.218,-74.2,"40.526,40.54,-74.218,-74.2",665.6000000000008
13,40.526,40.54,-74.237,-74.218,"40.526,40.54,-74.237,-74.218",486.0000000000005
14,40.526,40.54,-75.256,-74.237,"40.526,40.54,-74.256,-74.237",176.19999999999993
15,40.54,40.554,-73.941,-73.922,"40.54,40.554,-73.941,-73.922",10.0
16,40.54,40.554,-74.126,-74.107,"40.54,40.554,-74.126,-74.107",2.1
17,40.54,40.554,-74.144,-74.126,"40.54,40.554,-74.144,-74.126",489.6000000000008
18,40.54,40.554,-74.163,-74.144,"40.54,40.554,-74.163,-74.144",1446.9999999999982
19,40.54,40.554,-74.181,-74.163,"40.54,40.554,-74.181,-74.163",1103.000000000001
20,40.54,40.554,-74.2,-74.181,"40.54,40.554,-74.2,-74.181",1068.400000000001
21,40.54,40.554,-74.218,-74.2,"40.54,40.554,-74.218,-74.2",890.8000000000017
22,40.54,40.554,-74.237,-74.218,"40.54,40.554,-74.237,-74.218",630.0000000000002
23,40.54,40.554,-75.256,-74.237,"40.54,40.554,-74.256,-74.237",6.1
24,40.554,40.568,-73.885,-73.867,"40.554,40.568,-73.885,-73.867",1.0
25,40.554,40.568,-73.904,-73.885,"40.554,40.568,-73.904,-73.885",61.300000000000004
26,40.554,40.568,-73.922,-73.904,"40.554,40.568,-73.922,-73.904",369.09999999999997
27,40.554,40.568,-73.941,-73.922,"40.554,40.568,-73.941,-73.922",67.30000000000001
28,40.554,40.568,-74.107,-74.089,"40.554,40.568,-74.107,-74.089",386.2000000000005
29,40.554,40.568,-74.126,-74.107,"40.554,40.568,-74.126,-74.107",1589.9999999999948
30,40.554,40.568,-74.144,-74.126,"40.554,40.568,-74.144,-74.126",1084.400000000002
31,40.554,40.568,-74.163,-74.144,"40.554,40.568,-74.163,-74.144",928.2000000000015
32,40.554,40.568,-74.181,-74.163,"40.554,40.568,-74.181,-74.163",858.7000000000016
33,40.554,40.568,-74.2,-74.181,"40.554,40.568,-74.2,-74.181",557.9000000000005
34,40.554,40.568,-74.218,-74.2,"40.554,40.568,-74.218,-74.2",231.39999999999995
35,40.568,40.582,-73.83,-73.811,"40.568,40.582,-73.83,-73.811",223.49999999999991
36,40.568,40.582,-73.848,-73.83,"40.568,40.582,-73.848,-73.83",1800.8999999999937
37,40.568,40.582,-73.867,-73.848,"40.568,40.582,-73.867,-73.848",607.2000000000004
38,40.568,40.582,-73.904,-73.885,"40.568,40.582,-73.904,-73.885",6.0
39,40.568,40.582,-73.941,-73.922,"40.568,40.582,-73.941,-73.922",272.9
40,40.568,40.582,-73.959,-73.941,"40.568,40.582,-73.959,-73.941",1578.4999999999977
41,40.568,40.582,-73.978,-73.959,"40.568,40.582,-73.978,-73.959",7261.40000000006
42,40.568,40.582,-73.996,-73.978,"40.568,40.582,-73.996,-73.978",8566.10000000009
43,40.568,40.582,-74.015,-73.996,"40.568,40.582,-74.015,-73.996",4297.399999999983
44,40.568,40.582,-74.089,-74.07,"40.568,40.582,-74.089,-74.07",273.09999999999985
45,40.568,40.582,-74.107,-74.089,"40.568,40.582,-74.107,-74.089",1626.9999999999955
46,40.568,40.582,-74.126,-74.107,"40.568,40.582,-74.126,-74.107",1741.999999999995
47,40.568,40.582,-74.144,-74.126,"40.568,40.582,-74.144,-74.126",608.6000000000007
48,40.568,40.582,-74.163,-74.144,"40.568,40.582,-74.163,-74.144",296.0999999999999
49,40.568,40.582,-74.181,-74.163,"40.568,40.582,-74.181,-74.163",1104.5
50,40.568,40.582,-74.2,-74.181,"40.568,40.582,-74.2,-74.181",18.0
51,40.582,40.595,-73.756,-73.738,"40.582,40.595,-73.756,-73.738",583.6000000000006
52,40.582,40.595,-73.775,-73.756,"40.582,40.595,-73.775,-73.756",1375.6999999999985
53,40.582,40.595,-73.793,-73.775,"40.582,40.595,-73.793,-73.775",3110.699999999988
54,40.582,40.595,-73.811,-73.793,"40.582,40.595,-73.811,-73.793",3741.6999999999825
55,40.582,40.595,-73.83,-73.811,"40.582,40.595,-73.83,-73.811",3477.1999999999866
56,40.582,40.595,-73.848,-73.83,"40.582,40.595,-73.848,-73.83",166.49999999999997
57,40.582,40.595,-73.904,-73.885,"40.582,40.595,-73.904,-73.885",61.2
58,40.582,40.595,-73.922,-73.904,"40.582,40.595,-73.922,-73.904",196.89999999999998
59,40.582,40.595,-73.941,-73.922,"40.582,40.595,-73.941,-73.922",3865.8999999999864
60,40.582,40.595,-73.959,-73.941,"40.582,40.595,-73.959,-73.941",5939.900000000021
61,40.582,40.595,-73.978,-73.959,"40.582,40.595,-73.978,-73.959",5733.700000000021
62,40.582,40.595,-73.996,-73.978,"40.582,40.595,-73.996,-73.978",5266.000000000007
63,40.582,40.595,-74.015,-73.996,"40.582,40.595,-74.015,-73.996",583.0000000000001
64,40.582,40.595,-74.07,-74.052,"40.582,40.595,-74.07,-74.052",449.20000000000056
65,40.582,40.595,-74.089,-74.07,"40.582,40.595,-74.089,-74.07",1194.900000000001
66,40.582,40.595,-74.107,-74.089,"40.582,40.595,-74.107,-74.089",1779.7999999999934
67,40.582,40.595,-74.126,-74.107,"40.582,40.595,-74.126,-74.107",89.0
68,40.582,40.595,-74.144,-74.126,"40.582,40.595,-74.144,-74.126",193.69999999999985
69,40.582,40.595,-74.163,-74.144,"40.582,40.595,-74.163,-74.144",1526.7999999999988
70,40.582,40.595,-74.181,-74.163,"40.582,40.595,-74.181,-74.163",2029.4999999999973
71,40.582,40.595,-74.2,-74.181,"40.582,40.595,-74.2,-74.181",529.6000000000005
72,40.582,40.595,-74.218,-74.2,"40.582,40.595,-74.218,-74.2",1.0
73,40.595,40.609,-73.756,-73.738,"40.595,40.609,-73.756,-73.738",7516.200000000084
74,40.595,40.609,-73.775,-73.756,"40.595,40.609,-73.775,-73.756",6483.700000000039
75,40.595,40.609,-73.793,-73.775,"40.595,40.609,-73.793,-73.775",1431.7999999999984
76,40.595,40.609,-73.811,-73.793,"40.595,40.609,-73.811,-73.793",856.7000000000008
77,40.595,40.609,-73.83,-73.811,"40.595,40.609,-73.83,-73.811",332.4000000000001
78,40.595,40.609,-73.904,-73.885,"40.595,40.609,-73.904,-73.885",19.2
79,40.595,40.609,-73.922,-73.904,"40.595,40.609,-73.922,-73.904",587.2000000000003
80,40.595,40.609,-73.941,-73.922,"40.595,40.609,-73.941,-73.922",3069.1999999999875
81,40.595,40.609,-73.959,-73.941,"40.595,40.609,-73.959,-73.941",6368.90000000003
82,40.595,40.609,-73.978,-73.959,"40.595,40.609,-73.978,-73.959",6188.600000000025
83,40.595,40.609,-73.996,-73.978,"40.595,40.609,-73.996,-73.978",7228.200000000076
84,40.595,40.609,-74.015,-73.996,"40.595,40.609,-74.015,-73.996",5826.700000000036
85,40.595,40.609,-74.033,-74.015,"40.595,40.609,-74.033,-74.015",310.69999999999993
86,40.595,40.609,-74.07,-74.052,"40.595,40.609,-74.07,-74.052",1093.8000000000013
87,40.595,40.609,-74.089,-74.07,"40.595,40.609,-74.089,-74.07",2251.4999999999927
88,40.595,40.609,-74.107,-74.089,"40.595,40.609,-74.107,-74.089",775.1000000000008
89,40.595,40.609,-74.126,-74.107,"40.595,40.609,-74.126,-74.107",1061.8000000000018
90,40.595,40.609,-74.144,-74.126,"40.595,40.609,-74.144,-74.126",931.4000000000017
91,40.595,40.609,-74.163,-74.144,"40.595,40.609,-74.163,-74.144",700.2000000000007
92,40.595,40.609,-74.181,-74.163,"40.595,40.609,-74.181,-74.163",589.8000000000009
93,40.595,40.609,-74.2,-74.181,"40.595,40.609,-74.2,-74.181",283.59999999999997
94,40.609,40.623,-73.756,-73.738,"40.609,40.623,-73.756,-73.738",943.0000000000016
95,40.609,40.623,-73.775,-73.756,"40.609,40.623,-73.775,-73.756",307.9
96,40.609,40.623,-73.83,-73.811,"40.609,40.623,-73.83,-73.811",47.4
97,40.609,40.623,-73.904,-73.885,"40.609,40.623,-73.904,-73.885",196.59999999999997
98,40.609,40.623,-73.922,-73.904,"40.609,40.623,-73.922,-73.904",4974.199999999995
99,40.609,40.623,-73.941,-73.922,"40.609,40.623,-73.941,-73.922",4511.199999999992
100,40.609,40.623,-73.959,-73.941,"40.609,40.623,-73.959,-73.941",5225.700000000008
101,40.609,40.623,-73.978,-73.959,"40.609,40.623,-73.978,-73.959",4531.0999999999985
102,40.609,40.623,-73.996,-73.978,"40.609,40.623,-73.996,-73.978",6327.200000000042
103,40.609,40.623,-74.015,-73.996,"40.609,40.623,-74.015,-73.996",4956.4000000000015
104,40.609,40.623,-74.033,-74.015,"40.609,40.623,-74.033,-74.015",5015.2000000000035
105,40.609,40.623,-74.052,-74.033,"40.609,40.623,-74.052,-74.033",1470.7999999999988
106,40.609,40.623,-74.07,-74.052,"40.609,40.623,-74.07,-74.052",671.9000000000012
107,40.609,40.623,-74.089,-74.07,"40.609,40.623,-74.089,-74.07",5590.300000000035
108,40.609,40.623,-74.107,-74.089,"40.609,40.623,-74.107,-74.089",894.3000000000014
109,40.609,40.623,-74.126,-74.107,"40.609,40.623,-74.126,-74.107",713.600000000001
110,40.609,40.623,-74.144,-74.126,"40.609,40.623,-74.144,-74.126",1209.4000000000005
111,40.609,40.623,-74.163,-74.144,"40.609,40.623,-74.163,-74.144",1506.4999999999964
112,40.609,40.623,-74.181,-74.163,"40.609,40.623,-74.181,-74.163",832.600000000001
113,40.609,40.623,-74.2,-74.181,"40.609,40.623,-74.2,-74.181",40.1
114,40.623,40.637,-73.756,-73.738,"40.623,40.637,-73.756,-73.738",50.1
115,40.623,40.637,-73.885,-73.867,"40.623,40.637,-73.885,-73.867",756.4000000000009
116,40.623,40.637,-73.904,-73.885,"40.623,40.637,-73.904,-73.885",4657.699999999994
117,40.623,40.637,-73.922,-73.904,"40.623,40.637,-73.922,-73.904",5977.100000000026
118,40.623,40.637,-73.941,-73.922,"40.623,40.637,-73.941,-73.922",6637.500000000036
119,40.623,40.637,-73.959,-73.941,"40.623,40.637,-73.959,-73.941",10059.100000000108
120,40.623,40.637,-73.978,-73.959,"40.623,40.637,-73.978,-73.959",6401.8000000000375
121,40.623,40.637,-73.996,-73.978,"40.623,40.637,-73.996,-73.978",3747.5999999999876
122,40.623,40.637,-74.015,-73.996,"40.623,40.637,-74.015,-73.996",6876.000000000027
123,40.623,40.637,-74.033,-74.015,"40.623,40.637,-74.033,-74.015",7099.200000000053
124,40.623,40.637,-74.052,-74.033,"40.623,40.637,-74.052,-74.033",836.2000000000012
125,40.623,40.637,-74.089,-74.07,"40.623,40.637,-74.089,-74.07",4264.399999999972
126,40.623,40.637,-74.107,-74.089,"40.623,40.637,-74.107,-74.089",1454.2999999999972
127,40.623,40.637,-74.126,-74.107,"40.623,40.637,-74.126,-74.107",3231.0999999999776
128,40.623,40.637,-74.144,-74.126,"40.623,40.637,-74.144,-74.126",4511.599999999993
129,40.623,40.637,-74.163,-74.144,"40.623,40.637,-74.163,-74.144",4313.999999999983
130,40.623,40.637,-74.181,-74.163,"40.623,40.637,-74.181,-74.163",2318.0999999999904
131,40.623,40.637,-74.2,-74.181,"40.623,40.637,-74.2,-74.181",13.0
132,40.637,40.651,-73.738,-73.719,"40.637,40.651,-73.738,-73.719",45.1
133,40.637,40.651,-73.756,-73.738,"40.637,40.651,-73.756,-73.738",59.2
134,40.637,40.651,-73.793,-73.775,"40.637,40.651,-73.793,-73.775",11.0
135,40.637,40.651,-73.83,-73.811,"40.637,40.651,-73.83,-73.811",2.0
136,40.637,40.651,-73.848,-73.83,"40.637,40.651,-73.848,-73.83",250.19999999999996
137,40.637,40.651,-73.885,-73.867,"40.637,40.651,-73.885,-73.867",1763.899999999995
138,40.637,40.651,-73.904,-73.885,"40.637,40.651,-73.904,-73.885",7407.500000000076
139,40.637,40.651,-73.922,-73.904,"40.637,40.651,-73.922,-73.904",7525.800000000084
140,40.637,40.651,-73.941,-73.922,"40.637,40.651,-73.941,-73.922",6372.4000000000415
141,40.637,40.651,-73.959,-73.941,"40.637,40.651,-73.959,-73.941",18932.400000000056
142,40.637,40.651,-73.978,-73.959,"40.637,40.651,-73.978,-73.959",10737.60000000013
143,40.637,40.651,-73.996,-73.978,"40.637,40.651,-73.996,-73.978",4877.600000000002
144,40.637,40.651,-74.015,-73.996,"40.637,40.651,-74.015,-73.996",11899.90000000013
145,40.637,40.651,-74.033,-74.015,"40.637,40.651,-74.033,-74.015",5465.500000000016
146,40.637,40.651,-74.052,-74.033,"40.637,40.651,-74.052,-74.033",246.19999999999993
147,40.637,40.651,-74.089,-74.07,"40.637,40.651,-74.089,-74.07",5977.300000000048
148,40.637,40.651,-74.107,-74.089,"40.637,40.651,-74.107,-74.089",1112.8000000000009
149,40.637,40.651,-74.126,-74.107,"40.637,40.651,-74.126,-74.107",1541.6999999999957
150,40.637,40.651,-74.144,-74.126,"40.637,40.651,-74.144,-74.126",2168.8999999999937
151,40.637,40.651,-74.163,-74.144,"40.637,40.651,-74.163,-74.144",293.5
152,40.637,40.651,-74.181,-74.163,"40.637,40.651,-74.181,-74.163",1360.8999999999987
153,40.637,40.651,-74.2,-74.181,"40.637,40.651,-74.2,-74.181",1.0
154,40.651,40.664,-73.738,-73.719,"40.651,40.664,-73.738,-73.719",2467.2999999999906
155,40.651,40.664,-73.756,-73.738,"40.651,40.664,-73.756,-73.738",2744.5999999999926
156,40.651,40.664,-73.775,-73.756,"40.651,40.664,-73.775,-73.756",2181.499999999995
157,40.651,40.664,-73.793,-73.775,"40.651,40.664,-73.793,-73.775",180.79999999999998
158,40.651,40.664,-73.811,-73.793,"40.651,40.664,-73.811,-73.793",31.0
159,40.651,40.664,-73.83,-73.811,"40.651,40.664,-73.83,-73.811",168.39999999999995
160,40.651,40.664,-73.848,-73.83,"40.651,40.664,-73.848,-73.83",2341.9999999999936
161,40.651,40.664,-73.867,-73.848,"40.651,40.664,-73.867,-73.848",1138.2000000000005
162,40.651,40.664,-73.885,-73.867,"40.651,40.664,-73.885,-73.867",8785.600000000071
163,40.651,40.664,-73.904,-73.885,"40.651,40.664,-73.904,-73.885",13355.500000000182
164,40.651,40.664,-73.922,-73.904,"40.651,40.664,-73.922,-73.904",17537.900000000245
165,40.651,40.664,-73.941,-73.922,"40.651,40.664,-73.941,-73.922",15875.000000000327
166,40.651,40.664,-73.959,-73.941,"40.651,40.664,-73.959,-73.941",18827.5000000001
167,40.651,40.664,-73.978,-73.959,"40.651,40.664,-73.978,-73.959",7016.400000000044
168,40.651,40.664,-73.996,-73.978,"40.651,40.664,-73.996,-73.978",3149.299999999985
169,40.651,40.664,-74.015,-73.996,"40.651,40.664,-74.015,-73.996",4483.999999999991
170,40.651,40.664,-74.033,-74.015,"40.651,40.664,-74.033,-74.015",86.4
171,40.664,40.678,-73.738,-73.719,"40.664,40.678,-73.738,-73.719",1834.2999999999975
172,40.664,40.678,-73.756,-73.738,"40.664,40.678,-73.756,-73.738",3657.099999999989
173,40.664,40.678,-73.775,-73.756,"40.664,40.678,-73.775,-73.756",5061.600000000001
174,40.664,40.678,-73.793,-73.775,"40.664,40.678,-73.793,-73.775",5315.900000000007
175,40.664,40.678,-73.811,-73.793,"40.664,40.678,-73.811,-73.793",4924.299999999999
176,40.664,40.678,-73.83,-73.811,"40.664,40.678,-73.83,-73.811",5755.500000000021
177,40.664,40.678,-73.848,-73.83,"40.664,40.678,-73.848,-73.83",2842.0999999999913
178,40.664,40.678,-73.867,-73.848,"40.664,40.678,-73.867,-73.848",7208.20000000005
179,40.664,40.678,-73.885,-73.867,"40.664,40.678,-73.885,-73.867",18439.90000000017
180,40.664,40.678,-73.904,-73.885,"40.664,40.678,-73.904,-73.885",19043.300000000032
181,40.664,40.678,-73.922,-73.904,"40.664,40.678,-73.922,-73.904",24171.899999999554
182,40.664,40.678,-73.941,-73.922,"40.664,40.678,-73.941,-73.922",24926.699999999455
183,40.664,40.678,-73.959,-73.941,"40.664,40.678,-73.959,-73.941",17625.300000000163
184,40.664,40.678,-73.978,-73.959,"40.664,40.678,-73.978,-73.959",6734.70000000005
185,40.664,40.678,-73.996,-73.978,"40.664,40.678,-73.996,-73.978",7793.100000000061
186,40.664,40.678,-74.015,-73.996,"40.664,40.678,-74.015,-73.996",4975.5000000000055
187,40.664,40.678,-74.033,-74.015,"40.664,40.678,-74.033,-74.015",159.7
188,40.678,40.692,-73.738,-73.719,"40.678,40.692,-73.738,-73.719",1110.000000000001
189,40.678,40.692,-73.756,-73.738,"40.678,40.692,-73.756,-73.738",3110.099999999989
190,40.678,40.692,-73.775,-73.756,"40.678,40.692,-73.775,-73.756",4399.299999999992
191,40.678,40.692,-73.793,-73.775,"40.678,40.692,-73.793,-73.775",10233.900000000069
192,40.678,40.692,-73.811,-73.793,"40.678,40.692,-73.811,-73.793",7062.900000000049
193,40.678,40.692,-73.83,-73.811,"40.678,40.692,-73.83,-73.811",8523.50000000011
194,40.678,40.692,-73.848,-73.83,"40.678,40.692,-73.848,-73.83",7800.500000000079
195,40.678,40.692,-73.867,-73.848,"40.678,40.692,-73.867,-73.848",8422.600000000066
196,40.678,40.692,-73.885,-73.867,"40.678,40.692,-73.885,-73.867",11272.200000000137
197,40.678,40.692,-73.904,-73.885,"40.678,40.692,-73.904,-73.885",4321.099999999992
198,40.678,40.692,-73.922,-73.904,"40.678,40.692,-73.922,-73.904",20262.399999999958
199,40.678,40.692,-73.941,-73.922,"40.678,40.692,-73.941,-73.922",20587.69999999993
200,40.678,40.692,-73.959,-73.941,"40.678,40.692,-73.959,-73.941",21021.299999999872
201,40.678,40.692,-73.978,-73.959,"40.678,40.692,-73.978,-73.959",15636.800000000181
202,40.678,40.692,-73.996,-73.978,"40.678,40.692,-73.996,-73.978",18068.100000000115
203,40.678,40.692,-74.015,-73.996,"40.678,40.692,-74.015,-73.996",3562.4999999999895
204,40.678,40.692,-74.033,-74.015,"40.678,40.692,-74.033,-74.015",23.299999999999997
205,40.692,40.706,-73.738,-73.719,"40.692,40.706,-73.738,-73.719",1664.299999999997
206,40.692,40.706,-73.756,-73.738,"40.692,40.706,-73.756,-73.738",5190.000000000002
207,40.692,40.706,-73.775,-73.756,"40.692,40.706,-73.775,-73.756",3995.999999999988
208,40.692,40.706,-73.793,-73.775,"40.692,40.706,-73.793,-73.775",7554.200000000066
209,40.692,40.706,-73.811,-73.793,"40.692,40.706,-73.811,-73.793",14894.70000000021
210,40.692,40.706,-73.83,-73.811,"40.692,40.706,-73.83,-73.811",6871.500000000045
211,40.692,40.706,-73.848,-73.83,"40.692,40.706,-73.848,-73.83",5648.700000000006
212,40.692,40.706,-73.867,-73.848,"40.692,40.706,-73.867,-73.848",3671.499999999986
213,40.692,40.706,-73.885,-73.867,"40.692,40.706,-73.885,-73.867",1435.899999999998
214,40.692,40.706,-73.904,-73.885,"40.692,40.706,-73.904,-73.885",6375.3000000000575
215,40.692,40.706,-73.922,-73.904,"40.692,40.706,-73.922,-73.904",17293.700000000154
216,40.692,40.706,-73.941,-73.922,"40.692,40.706,-73.941,-73.922",20541.299999999967
217,40.692,40.706,-73.959,-73.941,"40.692,40.706,-73.959,-73.941",16422.000000000244
218,40.692,40.706,-73.978,-73.959,"40.692,40.706,-73.978,-73.959",7626.700000000064
219,40.692,40.706,-73.996,-73.978,"40.692,40.706,-73.996,-73.978",12594.900000000225
220,40.692,40.706,-74.015,-73.996,"40.692,40.706,-74.015,-73.996",3308.499999999988
221,40.692,40.706,-74.033,-74.015,"40.692,40.706,-74.033,-74.015",148.79999999999995
222,40.706,40.72,-73.738,-73.719,"40.706,40.72,-73.738,-73.719",1866.5999999999967
223,40.706,40.72,-73.756,-73.738,"40.706,40.72,-73.756,-73.738",4638.899999999986
224,40.706,40.72,-73.775,-73.756,"40.706,40.72,-73.775,-73.756",4667.799999999993
225,40.706,40.72,-73.793,-73.775,"40.706,40.72,-73.793,-73.775",7621.800000000056
226,40.706,40.72,-73.811,-73.793,"40.706,40.72,-73.811,-73.793",8053.500000000067
227,40.706,40.72,-73.83,-73.811,"40.706,40.72,-73.83,-73.811",3871.1999999999807
228,40.706,40.72,-73.848,-73.83,"40.706,40.72,-73.848,-73.83",2979.3999999999905
229,40.706,40.72,-73.867,-73.848,"40.706,40.72,-73.867,-73.848",2162.299999999995
230,40.706,40.72,-73.885,-73.867,"40.706,40.72,-73.885,-73.867",2033.7999999999915
231,40.706,40.72,-73.904,-73.885,"40.706,40.72,-73.904,-73.885",3262.6999999999907
232,40.706,40.72,-73.922,-73.904,"40.706,40.72,-73.922,-73.904",4646.799999999994
233,40.706,40.72,-73.941,-73.922,"40.706,40.72,-73.941,-73.922",4931.699999999998
234,40.706,40.72,-73.959,-73.941,"40.706,40.72,-73.959,-73.941",16845.000000000153
235,40.706,40.72,-73.978,-73.959,"40.706,40.72,-73.978,-73.959",7626.6000000000395
236,40.706,40.72,-73.996,-73.978,"40.706,40.72,-73.996,-73.978",16043.600000000264
237,40.706,40.72,-74.015,-73.996,"40.706,40.72,-74.015,-73.996",19334.90000000003
238,40.706,40.72,-74.033,-74.015,"40.706,40.72,-74.033,-74.015",974.7000000000011
239,40.72,40.733,-73.719,0.0,"40.72,40.733,-73.719,-73.701",542.0000000000005
240,40.72,40.733,-73.738,-73.719,"40.72,40.733,-73.738,-73.719",2206.599999999995
241,40.72,40.733,-73.756,-73.738,"40.72,40.733,-73.756,-73.738",2652.3999999999887
242,40.72,40.733,-73.775,-73.756,"40.72,40.733,-73.775,-73.756",1257.7999999999997
243,40.72,40.733,-73.793,-73.775,"40.72,40.733,-73.793,-73.775",1337.0999999999997
244,40.72,40.733,-73.811,-73.793,"40.72,40.733,-73.811,-73.793",2831.7999999999893
245,40.72,40.733,-73.83,-73.811,"40.72,40.733,-73.83,-73.811",3334.599999999986
246,40.72,40.733,-73.848,-73.83,"40.72,40.733,-73.848,-73.83",3156.1999999999916
247,40.72,40.733,-73.867,-73.848,"40.72,40.733,-73.867,-73.848",6395.300000000039
248,40.72,40.733,-73.885,-73.867,"40.72,40.733,-73.885,-73.867",2364.4999999999927
249,40.72,40.733,-73.904,-73.885,"40.72,40.733,-73.904,-73.885",3214.2999999999874
250,40.72,40.733,-73.922,-73.904,"40.72,40.733,-73.922,-73.904",1437.7999999999981
251,40.72,40.733,-73.941,-73.922,"40.72,40.733,-73.941,-73.922",1177.8000000000002
252,40.72,40.733,-73.959,-73.941,"40.72,40.733,-73.959,-73.941",7234.000000000036
253,40.72,40.733,-73.978,-73.959,"40.72,40.733,-73.978,-73.959",5397.900000000011
254,40.72,40.733,-73.996,-73.978,"40.72,40.733,-73.996,-73.978",31342.69999999924
255,40.72,40.733,-74.015,-73.996,"40.72,40.733,-74.015,-73.996",21234.299999999952
256,40.733,40.747,-73.719,0.0,"40.733,40.747,-73.719,-73.701",1428.6999999999987
257,40.733,40.747,-73.738,-73.719,"40.733,40.747,-73.738,-73.719",1381.5999999999992
258,40.733,40.747,-73.756,-73.738,"40.733,40.747,-73.756,-73.738",927.2000000000007
259,40.733,40.747,-73.775,-73.756,"40.733,40.747,-73.775,-73.756",1027.7000000000012
260,40.733,40.747,-73.793,-73.775,"40.733,40.747,-73.793,-73.775",1865.7999999999972
261,40.733,40.747,-73.811,-73.793,"40.733,40.747,-73.811,-73.793",2128.999999999993
262,40.733,40.747,-73.83,-73.811,"40.733,40.747,-73.83,-73.811",2345.9999999999945
263,40.733,40.747,-73.848,-73.83,"40.733,40.747,-73.848,-73.83",803.4000000000003
264,40.733,40.747,-73.867,-73.848,"40.733,40.747,-73.867,-73.848",7875.000000000069
265,40.733,40.747,-73.885,-73.867,"40.733,40.747,-73.885,-73.867",12279.4000000001
266,40.733,40.747,-73.904,-73.885,"40.733,40.747,-73.904,-73.885",7316.000000000046
267,40.733,40.747,-73.922,-73.904,"40.733,40.747,-73.922,-73.904",5973.300000000025
268,40.733,40.747,-73.941,-73.922,"40.733,40.747,-73.941,-73.922",3850.5999999999804
269,40.733,40.747,-73.959,-73.941,"40.733,40.747,-73.959,-73.941",4099.299999999977
270,40.733,40.747,-73.978,-73.959,"40.733,40.747,-73.978,-73.959",4571.699999999993
271,40.733,40.747,-73.996,-73.978,"40.733,40.747,-73.996,-73.978",37010.699999999044
272,40.733,40.747,-74.015,-73.996,"40.733,40.747,-74.015,-73.996",22104.399999999845
273,40.747,40.761,-73.719,0.0,"40.747,40.761,-73.719,-73.701",900.5000000000015
274,40.747,40.761,-73.738,-73.719,"40.747,40.761,-73.738,-73.719",1098.5000000000007
275,40.747,40.761,-73.756,-73.738,"40.747,40.761,-73.756,-73.738",1125.6
276,40.747,40.761,-73.775,-73.756,"40.747,40.761,-73.775,-73.756",2402.199999999995
277,40.747,40.761,-73.793,-73.775,"40.747,40.761,-73.793,-73.775",2181.699999999996
278,40.747,40.761,-73.811,-73.793,"40.747,40.761,-73.811,-73.793",2002.1999999999948
279,40.747,40.761,-73.83,-73.811,"40.747,40.761,-73.83,-73.811",8166.800000000083
280,40.747,40.761,-73.848,-73.83,"40.747,40.761,-73.848,-73.83",5420.900000000005
281,40.747,40.761,-73.867,-73.848,"40.747,40.761,-73.867,-73.848",10595.400000000092
282,40.747,40.761,-73.885,-73.867,"40.747,40.761,-73.885,-73.867",18279.500000000044
283,40.747,40.761,-73.904,-73.885,"40.747,40.761,-73.904,-73.885",9102.800000000083
284,40.747,40.761,-73.922,-73.904,"40.747,40.761,-73.922,-73.904",8023.000000000087
285,40.747,40.761,-73.941,-73.922,"40.747,40.761,-73.941,-73.922",6847.400000000051
286,40.747,40.761,-73.959,-73.941,"40.747,40.761,-73.959,-73.941",4500.29999999999
287,40.747,40.761,-73.978,-73.959,"40.747,40.761,-73.978,-73.959",16502.40000000016
288,40.747,40.761,-73.996,-73.978,"40.747,40.761,-73.996,-73.978",60658.89999999828
289,40.747,40.761,-74.015,-73.996,"40.747,40.761,-74.015,-73.996",6506.400000000029
290,40.761,40.775,-73.719,0.0,"40.761,40.775,-73.719,-73.701",37.1
291,40.761,40.775,-73.738,-73.719,"40.761,40.775,-73.738,-73.719",655.3000000000005
292,40.761,40.775,-73.756,-73.738,"40.761,40.775,-73.756,-73.738",639.0000000000006
293,40.761,40.775,-73.775,-73.756,"40.761,40.775,-73.775,-73.756",1820.7999999999975
294,40.761,40.775,-73.793,-73.775,"40.761,40.775,-73.793,-73.775",1738.399999999997
295,40.761,40.775,-73.811,-73.793,"40.761,40.775,-73.811,-73.793",1859.799999999997
296,40.761,40.775,-73.83,-73.811,"40.761,40.775,-73.83,-73.811",5271.800000000001
297,40.761,40.775,-73.848,-73.83,"40.761,40.775,-73.848,-73.83",2494.7999999999934
298,40.761,40.775,-73.867,-73.848,"40.761,40.775,-73.867,-73.848",617.9000000000002
299,40.761,40.775,-73.885,-73.867,"40.761,40.775,-73.885,-73.867",3975.399999999988
300,40.761,40.775,-73.904,-73.885,"40.761,40.775,-73.904,-73.885",2921.499999999991
301,40.761,40.775,-73.922,-73.904,"40.761,40.775,-73.922,-73.904",8754.600000000093
302,40.761,40.775,-73.941,-73.922,"40.761,40.775,-73.941,-73.922",7855.100000000093
303,40.761,40.775,-73.959,-73.941,"40.761,40.775,-73.959,-73.941",7810.200000000036
304,40.761,40.775,-73.978,-73.959,"40.761,40.775,-73.978,-73.959",18320.30000000006
305,40.761,40.775,-73.996,-73.978,"40.761,40.775,-73.996,-73.978",22240.899999999834
306,40.761,40.775,-74.015,-73.996,"40.761,40.775,-74.015,-73.996",1408.8999999999992
307,40.775,40.789,-73.756,-73.738,"40.775,40.789,-73.756,-73.738",115.19999999999996
308,40.775,40.789,-73.775,-73.756,"40.775,40.789,-73.775,-73.756",118.29999999999998
309,40.775,40.789,-73.793,-73.775,"40.775,40.789,-73.793,-73.775",1382.6999999999994
310,40.775,40.789,-73.811,-73.793,"40.775,40.789,-73.811,-73.793",1381.9999999999989
311,40.775,40.789,-73.83,-73.811,"40.775,40.789,-73.83,-73.811",1637.299999999996
312,40.775,40.789,-73.848,-73.83,"40.775,40.789,-73.848,-73.83",2485.7999999999915
313,40.775,40.789,-73.867,-73.848,"40.775,40.789,-73.867,-73.848",370.2000000000003
314,40.775,40.789,-73.904,-73.885,"40.775,40.789,-73.904,-73.885",425.70000000000016
315,40.775,40.789,-73.922,-73.904,"40.775,40.789,-73.922,-73.904",3239.2999999999865
316,40.775,40.789,-73.941,-73.922,"40.775,40.789,-73.941,-73.922",2372.1999999999944
317,40.775,40.789,-73.959,-73.941,"40.775,40.789,-73.959,-73.941",17423.000000000124
318,40.775,40.789,-73.978,-73.959,"40.775,40.789,-73.978,-73.959",6619.50000000004
319,40.775,40.789,-73.996,-73.978,"40.775,40.789,-73.996,-73.978",7618.400000000083
320,40.789,40.802,-73.775,-73.756,"40.789,40.802,-73.775,-73.756",1.0
321,40.789,40.802,-73.793,-73.775,"40.789,40.802,-73.793,-73.775",51.80000000000001
322,40.789,40.802,-73.811,-73.793,"40.789,40.802,-73.811,-73.793",524.5000000000005
323,40.789,40.802,-73.83,-73.811,"40.789,40.802,-73.83,-73.811",671.1000000000008
324,40.789,40.802,-73.848,-73.83,"40.789,40.802,-73.848,-73.83",627.8000000000008
325,40.789,40.802,-73.867,-73.848,"40.789,40.802,-73.867,-73.848",174.59999999999994
326,40.789,40.802,-73.885,-73.867,"40.789,40.802,-73.885,-73.867",10473.800000000003
327,40.789,40.802,-73.922,-73.904,"40.789,40.802,-73.922,-73.904",409.0000000000002
328,40.789,40.802,-73.941,-73.922,"40.789,40.802,-73.941,-73.922",14356.000000000251
329,40.789,40.802,-73.959,-73.941,"40.789,40.802,-73.959,-73.941",25064.999999999447
330,40.789,40.802,-73.978,-73.959,"40.789,40.802,-73.978,-73.959",16899.200000000274
331,40.789,40.802,-73.996,-73.978,"40.789,40.802,-73.996,-73.978",504.50000000000034
332,40.802,40.816,-73.811,-73.793,"40.802,40.816,-73.811,-73.793",166.99999999999991
333,40.802,40.816,-73.83,-73.811,"40.802,40.816,-73.83,-73.811",494.0000000000006
334,40.802,40.816,-73.848,-73.83,"40.802,40.816,-73.848,-73.83",273.0999999999999
335,40.802,40.816,-73.867,-73.848,"40.802,40.816,-73.867,-73.848",2443.899999999988
336,40.802,40.816,-73.885,-73.867,"40.802,40.816,-73.885,-73.867",1121.0
337,40.802,40.816,-73.904,-73.885,"40.802,40.816,-73.904,-73.885",6303.50000000004
338,40.802,40.816,-73.922,-73.904,"40.802,40.816,-73.922,-73.904",24752.299999999454
339,40.802,40.816,-73.941,-73.922,"40.802,40.816,-73.941,-73.922",23796.699999999644
340,40.802,40.816,-73.959,-73.941,"40.802,40.816,-73.959,-73.941",29363.499999998872
341,40.802,40.816,-73.978,-73.959,"40.802,40.816,-73.978,-73.959",4694.199999999999
342,40.816,40.83,-73.811,-73.793,"40.816,40.83,-73.811,-73.793",363.90000000000015
343,40.816,40.83,-73.83,-73.811,"40.816,40.83,-73.83,-73.811",3655.39999999997
344,40.816,40.83,-73.848,-73.83,"40.816,40.83,-73.848,-73.83",2978.8999999999883
345,40.816,40.83,-73.867,-73.848,"40.816,40.83,-73.867,-73.848",10564.000000000171
346,40.816,40.83,-73.885,-73.867,"40.816,40.83,-73.885,-73.867",14175.000000000218
347,40.816,40.83,-73.904,-73.885,"40.816,40.83,-73.904,-73.885",26486.59999999917
348,40.816,40.83,-73.922,-73.904,"40.816,40.83,-73.922,-73.904",24568.699999999422
349,40.816,40.83,-73.941,-73.922,"40.816,40.83,-73.941,-73.922",17579.3000000002
350,40.816,40.83,-73.959,-73.941,"40.816,40.83,-73.959,-73.941",21703.79999999985
351,40.816,40.83,-73.978,-73.959,"40.816,40.83,-73.978,-73.959",183.7
352,40.83,40.844,-73.793,-73.775,"40.83,40.844,-73.793,-73.775",227.49999999999994
353,40.83,40.844,-73.83,-73.811,"40.83,40.844,-73.83,-73.811",2436.7999999999893
354,40.83,40.844,-73.848,-73.83,"40.83,40.844,-73.848,-73.83",4592.69999999999
355,40.83,40.844,-73.867,-73.848,"40.83,40.844,-73.867,-73.848",13524.70000000019
356,40.83,40.844,-73.885,-73.867,"40.83,40.844,-73.885,-73.867",13817.90000000021
357,40.83,40.844,-73.904,-73.885,"40.83,40.844,-73.904,-73.885",15191.500000000262
358,40.83,40.844,-73.922,-73.904,"40.83,40.844,-73.922,-73.904",30023.799999999035
359,40.83,40.844,-73.941,-73.922,"40.83,40.844,-73.941,-73.922",15176.200000000228
360,40.83,40.844,-73.959,-73.941,"40.83,40.844,-73.959,-73.941",8345.60000000008
361,40.844,40.858,-73.793,-73.775,"40.844,40.858,-73.793,-73.775",420.6000000000002
362,40.844,40.858,-73.83,-73.811,"40.844,40.858,-73.83,-73.811",1503.8999999999987
363,40.844,40.858,-73.848,-73.83,"40.844,40.858,-73.848,-73.83",3752.4999999999827
364,40.844,40.858,-73.867,-73.848,"40.844,40.858,-73.867,-73.848",6370.100000000042
365,40.844,40.858,-73.885,-73.867,"40.844,40.858,-73.885,-73.867",9633.50000000009
366,40.844,40.858,-73.904,-73.885,"40.844,40.858,-73.904,-73.885",25215.799999999494
367,40.844,40.858,-73.922,-73.904,"40.844,40.858,-73.922,-73.904",23278.999999999673
368,40.844,40.858,-73.941,-73.922,"40.844,40.858,-73.941,-73.922",16308.600000000293
369,40.844,40.858,-73.959,-73.941,"40.844,40.858,-73.959,-73.941",550.9000000000003
370,40.858,40.871,-73.793,-73.775,"40.858,40.871,-73.793,-73.775",3.0
371,40.858,40.871,-73.811,-73.793,"40.858,40.871,-73.811,-73.793",169.49999999999997
372,40.858,40.871,-73.83,-73.811,"40.858,40.871,-73.83,-73.811",3240.79999999999
373,40.858,40.871,-73.848,-73.83,"40.858,40.871,-73.848,-73.83",3907.0999999999867
374,40.858,40.871,-73.867,-73.848,"40.858,40.871,-73.867,-73.848",7362.900000000064
375,40.858,40.871,-73.885,-73.867,"40.858,40.871,-73.885,-73.867",6679.600000000047
376,40.858,40.871,-73.904,-73.885,"40.858,40.871,-73.904,-73.885",33156.49999999897
377,40.858,40.871,-73.922,-73.904,"40.858,40.871,-73.922,-73.904",12575.100000000144
378,40.858,40.871,-73.941,-73.922,"40.858,40.871,-73.941,-73.922",7692.00000000006
379,40.871,40.885,-73.811,-73.793,"40.871,40.885,-73.811,-73.793",16.0
380,40.871,40.885,-73.83,-73.811,"40.871,40.885,-73.83,-73.811",1876.6999999999953
381,40.871,40.885,-73.848,-73.83,"40.871,40.885,-73.848,-73.83",5577.400000000016
382,40.871,40.885,-73.867,-73.848,"40.871,40.885,-73.867,-73.848",10584.700000000135
383,40.871,40.885,-73.885,-73.867,"40.871,40.885,-73.885,-73.867",13324.200000000184
384,40.871,40.885,-73.904,-73.885,"40.871,40.885,-73.904,-73.885",8012.100000000073
385,40.871,40.885,-73.922,-73.904,"40.871,40.885,-73.922,-73.904",8373.800000000077
386,40.871,40.885,-73.941,-73.922,"40.871,40.885,-73.941,-73.922",2.0
387,40.885,40.899,-73.83,-73.811,"40.885,40.899,-73.83,-73.811",594.2000000000002
388,40.885,40.899,-73.848,-73.83,"40.885,40.899,-73.848,-73.83",5204.700000000016
389,40.885,40.899,-73.867,-73.848,"40.885,40.899,-73.867,-73.848",10090.600000000113
390,40.885,40.899,-73.885,-73.867,"40.885,40.899,-73.885,-73.867",1143.3000000000004
391,40.885,40.899,-73.904,-73.885,"40.885,40.899,-73.904,-73.885",1546.1999999999994
392,40.885,40.899,-73.922,-73.904,"40.885,40.899,-73.922,-73.904",1870.0999999999972
393,40.899,41.913,-73.848,-73.83,"40.899,40.913,-73.848,-73.83",1066.4000000000008
394,40.899,41.913,-73.867,-73.848,"40.899,40.913,-73.867,-73.848",2925.299999999993
395,40.899,41.913,-73.885,-73.867,"40.899,40.913,-73.885,-73.867",225.99999999999997
396,40.899,41.913,-73.904,-73.885,"40.899,40.913,-73.904,-73.885",1385.3999999999994
397,40.899,41.913,-73.922,-73.904,"40.899,40.913,-73.922,-73.904",593.3000000000004
